Date,Close,Open,High,Low,Volume
26/05/16,309.83,304.88,313.78,304.88,12892426.00
27/05/16,314.02,310.59,316.31,309.21,4404479.00
30/05/16,307.11,316.36,318.79,306.26,6618099.00
31/05/16,318.55,309.16,321.55,305.11,10042011.00
01/06/16,316.45,320.02,323.55,313.83,6483031.00
02/06/16,324.55,316.31,325.74,314.74,5572983.00
03/06/16,322.55,327.74,331.84,320.50,8832388.00
06/06/16,321.88,319.17,324.60,316.45,4969784.00
07/06/16,326.41,323.50,327.60,321.12,3898620.00
08/06/16,325.36,327.03,330.08,322.50,4466650.00
09/06/16,325.88,323.93,330.31,323.93,5935910.00
10/06/16,318.60,325.84,328.22,317.74,5506426.00
13/06/16,307.83,312.78,314.36,305.83,6576686.00
14/06/16,309.59,309.64,311.97,306.11,4008566.00
15/06/16,314.64,310.69,315.83,308.50,4134184.00
16/06/16,314.88,313.93,317.74,308.78,6490905.00
17/06/16,310.07,317.26,317.74,308.50,5702881.00
20/06/16,320.36,309.07,321.02,307.54,6200742.00
21/06/16,318.26,320.12,321.74,317.02,3490952.00
22/06/16,316.74,318.21,318.21,311.59,4627091.00
23/06/16,318.17,315.83,320.07,312.12,4684494.00
24/06/16,297.87,292.59,301.45,282.30,14410710.00
27/06/16,295.82,295.11,297.78,292.97,6579079.00
28/06/16,296.78,296.73,299.54,292.49,7926086.00
29/06/16,298.78,299.16,302.02,297.83,5616012.00
30/06/16,306.73,300.78,308.93,300.30,6392234.00
01/07/16,312.59,311.07,315.26,310.97,4994251.00
04/07/16,315.59,313.16,318.12,312.45,3232796.00
05/07/16,317.88,316.79,321.45,314.64,3943390.00
07/07/16,302.68,318.40,321.31,301.35,10126780.00
08/07/16,303.30,300.06,304.30,297.35,7764479.00
11/07/16,311.55,309.64,314.12,304.54,7692459.00
12/07/16,326.12,314.36,327.60,313.45,9886586.00
13/07/16,340.84,328.41,341.70,328.03,13345822.00
14/07/16,342.32,341.84,344.27,336.65,7970875.00
15/07/16,355.28,342.32,356.70,339.89,13431169.00
18/07/16,348.37,355.80,361.47,346.32,7697416.00
19/07/16,352.75,350.56,354.08,345.22,8246048.00
20/07/16,351.04,354.61,355.37,349.08,5907217.00
21/07/16,345.18,352.51,352.51,344.03,5343359.00
22/07/16,348.18,345.18,351.46,339.60,7372910.00
25/07/16,346.46,347.75,350.42,345.03,5676435.00
26/07/16,350.42,346.70,357.28,345.89,7798763.00
27/07/16,345.89,351.46,352.99,337.36,10359001.00
28/07/16,333.32,341.08,342.22,332.17,10526709.00
29/07/16,338.27,334.46,342.03,334.46,8349227.00
01/08/16,347.61,339.32,349.27,337.51,10082335.00
02/08/16,344.75,349.13,353.18,343.08,8108008.00
03/08/16,341.13,347.42,349.13,338.13,5746762.00
04/08/16,356.13,343.37,357.18,340.51,9639368.00
05/08/16,363.66,360.13,364.90,358.71,9117890.00
08/08/16,361.61,364.33,366.33,358.47,6662412.00
09/08/16,357.61,361.09,364.37,355.94,5618546.00
10/08/16,352.80,360.04,361.47,350.75,4594009.00
11/08/16,350.94,352.80,355.94,344.41,4419528.00
12/08/16,357.04,352.51,360.47,351.89,4411019.00
16/08/16,361.23,357.28,362.99,355.42,6104127.00
17/08/16,373.33,361.99,374.38,361.99,9353131.00
18/08/16,368.90,373.95,375.28,366.90,5920398.00
19/08/16,373.62,370.76,376.00,365.37,8947214.00
22/08/16,369.80,373.00,373.00,366.33,5563430.00
23/08/16,366.95,369.61,372.52,360.28,6720835.00
24/08/16,361.99,367.38,369.00,360.85,4261868.00
25/08/16,354.70,363.66,364.23,352.99,4773691.00
26/08/16,351.99,357.28,358.18,349.94,4311789.00
29/08/16,356.09,351.46,357.71,350.37,3718240.00
30/08/16,359.90,357.61,361.56,357.28,3804436.00
31/08/16,352.61,360.13,363.33,351.37,4530361.00
01/09/16,356.90,353.75,359.85,352.04,4453409.00
02/09/16,356.51,358.18,358.42,352.89,2824297.00
06/09/16,367.52,357.28,368.47,356.70,5828507.00
07/09/16,371.52,368.80,375.52,368.33,6965026.00
08/09/16,383.95,371.81,389.29,371.81,11234744.00
09/09/16,375.95,385.76,387.67,374.66,5962851.00
12/09/16,355.66,366.80,367.66,353.08,6717365.00
14/09/16,356.23,352.51,360.13,345.99,11105369.00
15/09/16,349.08,356.32,357.37,346.56,4875040.00
16/09/16,341.89,352.04,354.32,340.70,6075750.00
19/09/16,344.56,342.99,346.75,338.51,5121611.00
20/09/16,348.32,347.08,352.51,342.27,5697810.00
21/09/16,352.32,348.03,354.89,348.03,6868967.00
22/09/16,359.42,359.85,361.85,355.18,6669414.00
23/09/16,354.42,359.52,360.52,353.47,4461871.00
26/09/16,352.27,353.80,358.75,350.99,4351638.00
27/09/16,350.56,354.99,356.90,349.27,4403977.00
28/09/16,362.37,350.85,364.14,350.85,6338968.00
29/09/16,351.37,365.23,365.71,347.75,13361086.00
30/09/16,356.56,350.46,359.61,346.13,5506157.00
03/10/16,364.76,359.09,366.61,358.51,4480810.00
04/10/16,372.66,367.76,374.43,364.33,8523432.00
05/10/16,372.23,376.52,377.76,370.61,5154852.00
06/10/16,371.42,374.24,377.14,368.28,7730432.00
07/10/16,387.34,374.33,388.34,371.76,11610384.00
10/10/16,398.63,390.53,400.82,389.67,11642373.00
13/10/16,394.24,394.43,400.53,389.48,11106052.00
14/10/16,392.81,396.34,397.77,390.15,5275390.00
17/10/16,391.38,392.72,396.15,388.34,6712935.00
18/10/16,404.87,394.81,406.34,392.62,7584884.00
19/10/16,405.87,405.87,407.53,401.29,4973722.00
20/10/16,408.30,407.53,411.49,405.15,5062646.00
21/10/16,407.01,406.82,408.20,401.77,4124680.00
24/10/16,405.91,407.25,411.01,404.91,2881988.00
25/10/16,395.62,390.62,399.39,389.05,8696996.00
26/10/16,379.76,394.77,399.01,372.42,8302477.00
27/10/16,378.38,369.66,381.09,365.23,13709731.00
28/10/16,386.29,379.90,387.29,378.57,6788166.00
01/11/16,397.96,385.72,403.91,382.14,9473737.00
02/11/16,393.81,386.81,396.72,386.81,7410152.00
03/11/16,384.24,391.57,399.86,379.81,8494155.00
04/11/16,384.05,384.81,388.34,379.43,5096305.00
07/11/16,393.10,387.10,395.72,387.10,4516324.00
08/11/16,389.34,394.43,395.77,386.33,3253417.00
09/11/16,380.48,362.04,384.81,359.18,5912250.00
10/11/16,416.35,388.67,418.54,388.67,10898034.00
11/11/16,406.34,412.06,420.63,403.96,8733209.00
15/11/16,374.47,392.05,398.24,372.52,9253517.00
16/11/16,374.19,378.24,382.43,362.85,8230718.00
17/11/16,374.19,374.90,379.76,368.71,4361763.00
18/11/16,366.90,371.62,392.91,363.23,4660147.00
21/11/16,353.89,367.23,371.19,348.99,6566271.00
22/11/16,360.18,358.90,361.75,355.18,4143438.00
23/11/16,374.14,362.99,376.14,362.09,5124218.00
24/11/16,379.33,368.76,381.76,367.38,7117077.00
25/11/16,389.43,380.14,393.96,378.71,7090491.00
28/11/16,387.38,388.62,392.24,383.43,4679209.00
29/11/16,389.62,395.39,397.86,388.53,6015315.00
30/11/16,395.43,390.34,396.34,385.19,5378415.00
01/12/16,390.24,397.62,398.72,388.48,3073859.00
02/12/16,387.19,386.67,392.43,385.29,3623139.00
05/12/16,393.96,388.34,395.00,385.43,3500112.00
06/12/16,398.67,394.43,400.82,392.53,3883470.00
07/12/16,392.43,399.48,401.48,389.38,4700356.00
08/12/16,410.92,397.96,412.30,397.29,9445695.00
09/12/16,410.20,412.25,414.77,408.15,4094532.00
12/12/16,404.15,408.63,410.11,403.15,2491598.00
13/12/16,401.20,408.68,408.68,397.77,3195158.00
14/12/16,398.01,402.06,406.06,397.05,3247269.00
15/12/16,399.48,395.96,407.20,393.34,4454182.00
16/12/16,394.48,402.82,402.82,393.00,3547889.00
19/12/16,390.96,391.57,396.62,389.76,2347383.00
20/12/16,384.43,392.34,394.43,382.14,3541080.00
21/12/16,385.38,385.86,389.00,382.43,2747302.00
22/12/16,373.66,385.38,386.67,371.81,4084454.00
23/12/16,372.38,374.90,376.86,368.76,3992131.00
26/12/16,362.14,370.14,371.19,360.61,3232118.00
27/12/16,373.85,363.95,376.05,359.52,3894041.00
28/12/16,370.09,374.76,375.14,368.23,3940185.00
29/12/16,373.81,370.14,375.28,368.95,3422017.00
30/12/16,372.76,374.43,376.71,369.76,3055022.00
02/01/17,387.53,374.85,389.05,370.52,5578129.00
03/01/17,384.24,387.81,389.57,382.29,3338806.00
04/01/17,386.29,385.00,389.67,382.43,3344043.00
05/01/17,399.48,389.76,402.53,388.05,7196279.00
06/01/17,399.72,400.63,405.29,395.96,4138078.00
09/01/17,402.06,403.67,404.15,399.53,3122769.00
10/01/17,411.49,402.72,412.06,402.63,5118565.00
11/01/17,427.06,414.73,429.64,414.11,11431250.00
12/01/17,426.40,427.78,429.83,422.30,5361474.00
13/01/17,425.25,428.73,429.11,420.35,4232151.00
16/01/17,436.78,423.25,437.78,422.30,6675950.00
17/01/17,432.78,437.35,437.88,429.59,3342717.00
18/01/17,446.21,433.26,447.79,432.78,9116932.00
19/01/17,445.07,446.55,446.64,440.50,3445069.00
20/01/17,433.02,443.98,445.69,431.21,4927321.00
23/01/17,439.97,429.59,442.07,429.30,4349975.00
24/01/17,442.31,440.16,444.45,436.88,3731789.00
25/01/17,447.31,444.93,454.22,444.07,6307571.00
27/01/17,447.12,447.64,451.41,441.45,4977414.00
30/01/17,440.21,446.36,446.36,438.40,3322749.00
31/01/17,441.16,438.45,449.12,438.35,4543771.00
01/02/17,452.17,442.12,453.41,435.54,5572616.00
02/02/17,454.41,451.12,458.17,444.21,5988117.00
03/02/17,450.45,454.36,457.31,446.02,5284757.00
06/02/17,451.03,451.98,455.03,446.98,4806869.00
07/02/17,450.45,452.65,457.12,447.83,4836631.00
08/02/17,448.41,462.08,462.46,445.36,11287445.00
09/02/17,438.12,447.45,451.03,434.92,6485765.00
10/02/17,446.07,444.93,449.50,438.78,7912091.00
13/02/17,450.26,450.79,454.46,447.88,4898780.00
14/02/17,450.07,451.50,452.41,444.07,3251700.00
15/02/17,438.35,450.36,452.31,435.64,4228709.00
16/02/17,447.74,442.74,449.22,434.11,4820369.00
17/02/17,446.07,449.98,452.41,444.59,3922122.00
20/02/17,464.03,445.88,465.89,442.78,8441156.00
21/02/17,467.75,465.84,472.46,462.08,8063716.00
22/02/17,461.17,467.27,468.22,457.89,5010536.00
23/02/17,462.79,462.17,464.84,455.55,4810464.00
27/02/17,457.89,462.27,465.08,456.84,2730887.00
28/02/17,459.89,458.74,462.79,457.74,3402886.00
01/03/17,476.70,462.08,478.75,460.55,7716571.00
02/03/17,471.27,478.27,481.70,468.98,5722550.00
03/03/17,471.70,471.18,474.22,466.41,3357902.00
06/03/17,469.41,471.70,477.32,467.08,4153429.00
07/03/17,459.22,470.18,470.65,457.93,5123193.00
08/03/17,450.12,461.98,463.41,447.88,5935312.00
09/03/17,447.26,449.60,452.88,445.60,4495787.00
10/03/17,445.64,446.36,451.98,440.36,4523612.00
14/03/17,450.22,456.36,456.36,448.22,5565574.00
15/03/17,456.41,451.55,457.31,448.17,5561866.00
16/03/17,476.04,461.93,477.32,459.17,10391757.00
17/03/17,478.46,480.04,484.70,474.56,6800312.00
20/03/17,473.18,478.75,478.94,468.75,3995540.00
21/03/17,472.94,473.42,477.61,469.08,4967685.00
22/03/17,465.03,466.84,470.46,463.41,4652350.00
23/03/17,472.08,464.46,473.13,464.46,4126938.00
24/03/17,469.89,472.61,476.27,467.89,3082110.00
27/03/17,453.98,469.46,469.46,452.22,6189956.00
28/03/17,457.50,454.98,459.84,454.46,4396544.00
29/03/17,461.51,459.22,461.98,457.55,3264312.00
30/03/17,454.93,461.51,463.36,453.31,4642454.00
31/03/17,459.89,457.93,462.93,456.41,3215307.00
03/04/17,462.89,463.03,466.75,459.98,3140253.00
05/04/17,469.99,464.94,474.65,463.65,4919654.00
06/04/17,477.94,470.37,480.56,461.08,5058885.00
07/04/17,469.89,477.23,482.42,467.46,5379967.00
10/04/17,471.94,473.51,475.23,467.22,2992630.00
11/04/17,465.03,472.08,472.56,463.32,4084688.00
12/04/17,454.84,467.22,469.27,453.50,5007724.00
13/04/17,441.64,451.98,456.55,440.36,5907485.00
17/04/17,440.55,438.35,445.79,438.02,3787898.00
18/04/17,428.64,445.02,451.60,426.83,7307227.00
19/04/17,429.45,426.83,433.97,421.16,9427124.00
20/04/17,432.92,429.45,434.26,427.06,4022665.00
21/04/17,429.54,438.26,438.93,427.87,4643978.00
24/04/17,429.40,430.64,433.11,425.97,4956153.00
25/04/17,433.16,431.97,436.26,429.97,4250166.00
26/04/17,432.35,435.31,441.40,429.49,4674438.00
27/04/17,424.78,432.54,433.35,423.02,6189923.00
28/04/17,428.02,426.83,437.02,424.78,6256122.00
02/05/17,424.02,429.68,432.54,422.44,4689154.00
03/05/17,419.97,426.16,428.68,416.87,5008822.00
04/05/17,421.54,425.87,426.83,415.49,6535720.00
05/05/17,413.11,420.63,420.63,407.77,5701881.00
08/05/17,411.49,413.49,415.77,407.87,5515622.00
09/05/17,413.01,411.58,419.20,410.87,4738911.00
10/05/17,416.77,414.68,417.82,412.63,3539929.00
11/05/17,420.30,419.87,424.35,418.92,5533078.00
12/05/17,416.06,421.49,422.92,412.15,5796510.00
15/05/17,434.50,417.30,435.31,417.11,9754791.00
16/05/17,434.97,441.16,442.07,433.83,10298954.00
17/05/17,470.56,447.79,475.42,443.78,49407351.00
18/05/17,463.27,465.08,473.18,460.74,13370374.00
19/05/17,466.36,466.84,472.56,457.55,9075025.00
22/05/17,463.41,469.56,473.46,461.46,6222549.00
23/05/17,467.22,465.94,473.37,455.03,9779642.00
24/05/17,460.51,469.22,471.60,458.74,7240413.00
25/05/17,461.79,462.08,464.03,454.17,6461254.00
26/05/17,487.56,463.89,490.52,462.70,16240203.00
29/05/17,483.70,487.90,496.04,482.23,6772389.00
30/05/17,487.66,484.37,489.71,480.42,4082146.00
31/05/17,480.85,486.04,490.66,478.75,4365325.00
01/06/17,473.65,480.85,483.94,470.65,3886388.00
02/06/17,468.70,478.23,479.42,464.98,5681201.00
05/06/17,468.08,469.70,476.27,463.98,4742679.00
06/06/17,467.13,470.56,473.03,465.36,4123554.00
07/06/17,467.65,468.51,470.99,463.98,3287207.00
08/06/17,475.42,479.23,487.23,474.08,11928366.00
09/06/17,483.09,474.84,484.32,472.41,6332939.00
12/06/17,484.37,483.70,489.90,481.61,5283279.00
13/06/17,484.56,484.94,488.66,481.61,5965585.00
14/06/17,478.89,483.99,485.66,477.46,4696131.00
15/06/17,478.80,477.13,482.56,475.65,4078026.00
16/06/17,478.23,480.18,483.70,477.46,3424915.00
19/06/17,494.99,486.18,495.99,483.51,9593934.00
20/06/17,497.66,499.23,500.81,495.90,5911795.00
21/06/17,493.18,496.66,498.90,491.33,4260883.00
22/06/17,490.66,496.38,497.66,487.80,3812931.00
23/06/17,483.28,489.61,489.61,478.94,3995573.00
27/06/17,486.75,485.90,489.52,479.99,4546092.00
28/06/17,495.99,487.80,498.14,485.32,6896090.00
29/06/17,509.76,500.09,511.24,497.38,9651954.00
30/06/17,519.96,509.19,522.00,505.00,8469286.00
03/07/17,524.58,519.72,527.20,516.43,6447865.00
04/07/17,521.67,525.05,528.34,518.67,5039815.00
05/07/17,523.96,518.67,526.39,518.29,4725845.00
06/07/17,528.44,524.01,531.15,523.05,6506592.00
07/07/17,527.20,526.86,528.67,524.86,4100041.00
10/07/17,532.91,532.48,535.06,523.15,1089492.00
11/07/17,530.53,533.91,535.39,528.96,4912769.00
12/07/17,532.68,533.53,534.68,528.77,4061003.00
13/07/17,537.30,538.30,539.25,533.72,4252470.00
14/07/17,532.01,538.20,538.20,530.44,4677703.00
17/07/17,533.34,535.53,537.11,530.77,2460456.00
18/07/17,536.68,531.20,542.11,530.67,3442296.00
19/07/17,544.20,537.34,545.30,536.72,3285956.00
20/07/17,530.87,535.72,537.11,529.96,3260506.00
21/07/17,527.10,531.63,531.67,517.96,3295008.00
24/07/17,522.58,528.20,528.20,521.48,2160449.00
25/07/17,526.82,522.96,527.86,522.81,2840175.00
26/07/17,539.01,528.77,541.11,527.91,7087415.00
27/07/17,534.72,540.15,541.68,531.72,4019198.00
28/07/17,525.82,534.29,534.29,522.53,2411689.00
31/07/17,540.30,527.10,544.39,527.10,5624650.00
01/08/17,545.35,542.77,548.06,541.73,5091142.00
02/08/17,542.35,545.92,546.68,538.77,2987644.00
03/08/17,532.87,540.20,541.49,531.20,3286455.00
04/08/17,548.63,532.96,553.35,532.87,3363291.00
07/08/17,571.69,557.35,573.21,556.40,11012930.00
08/08/17,587.31,581.41,595.94,577.36,20046119.00
09/08/17,576.45,586.89,591.08,574.02,5202611.00
10/08/17,575.79,576.22,585.65,569.78,7684041.00
11/08/17,568.55,571.64,577.31,563.31,8579300.00
14/08/17,594.27,578.69,596.03,576.41,8555920.00
16/08/17,601.37,595.46,602.75,591.13,7330341.00
17/08/17,595.84,600.32,606.89,594.60,4616610.00
18/08/17,596.08,593.03,599.03,590.79,3386205.00
21/08/17,592.17,602.99,608.47,589.84,4175647.00
22/08/17,590.32,600.18,600.18,585.36,3690708.00
23/08/17,604.61,594.51,606.37,587.36,3918843.00
24/08/17,608.80,605.94,610.28,600.80,4909312.00
28/08/17,605.80,609.89,612.51,601.94,3565779.00
29/08/17,600.41,605.46,610.18,598.27,3443278.00
30/08/17,608.47,604.99,611.09,604.13,3524171.00
31/08/17,607.89,606.85,612.61,602.32,6514220.00
01/09/17,620.42,609.70,621.90,608.85,6152375.00
04/09/17,615.99,620.23,620.90,611.18,2411324.00
05/09/17,621.28,617.04,623.52,616.66,3168850.00
06/09/17,622.14,616.52,625.09,614.99,2726474.00
07/09/17,621.95,625.95,625.95,619.56,2504395.00
08/09/17,624.42,623.19,632.33,621.04,4712247.00
11/09/17,631.28,625.95,632.47,621.76,3208849.00
12/09/17,650.62,643.10,660.25,642.62,10312267.00
13/09/17,647.53,649.53,651.48,643.72,2353272.00
14/09/17,645.67,647.38,651.34,640.33,1906013.00
15/09/17,646.86,644.05,649.20,639.81,3241869.00
18/09/17,641.10,644.05,650.72,639.38,2293247.00
19/09/17,644.43,641.86,649.15,641.19,3708821.00
20/09/17,655.15,644.24,659.10,642.57,8780970.00
21/09/17,654.63,661.01,663.34,649.00,6132440.00
22/09/17,623.09,651.67,651.67,620.23,4418928.00
25/09/17,609.51,624.04,624.23,593.65,7063975.00
26/09/17,623.19,612.13,625.95,608.66,3948737.00
27/09/17,618.66,628.81,628.81,612.66,4959812.00
28/09/17,618.99,622.04,625.47,612.28,6579011.00
29/09/17,621.71,623.85,625.95,619.33,2838861.00
03/10/17,629.57,625.47,634.43,625.47,2849961.00
04/10/17,627.85,629.19,631.24,623.52,2784555.00
05/10/17,629.76,626.90,633.90,626.38,1552614.00
06/10/17,658.77,633.81,661.01,633.62,9464812.00
09/10/17,664.30,660.25,671.11,658.91,5619102.00
10/10/17,658.15,667.82,670.87,652.72,4197902.00
11/10/17,650.05,661.68,665.77,641.48,4191994.00
12/10/17,658.91,655.48,661.01,649.20,4524341.00
13/10/17,677.25,664.58,683.54,662.15,9628769.00
16/10/17,681.16,679.49,685.49,678.02,4213048.00
17/10/17,678.83,681.16,684.26,674.97,2801245.00
18/10/17,676.06,682.02,683.87,673.68,3401417.00
19/10/17,672.16,675.35,677.40,669.68,410438.00
23/10/17,678.35,673.20,680.59,672.35,2719954.00
24/10/17,685.30,682.83,693.88,680.30,4555003.00
25/10/17,683.68,687.92,692.35,675.97,3164905.00
26/10/17,694.74,683.78,698.17,681.97,5666479.00
27/10/17,692.45,698.26,700.02,688.45,2777068.00
30/10/17,684.30,695.40,700.26,679.44,5046825.00
31/10/17,670.54,689.78,695.31,664.25,13545468.00
01/11/17,673.87,679.83,683.11,670.35,5458694.00
02/11/17,672.73,675.44,675.44,664.53,3183542.00
03/11/17,675.40,674.54,679.35,670.39,3287588.00
06/11/17,673.39,671.63,682.11,666.25,3942823.00
07/11/17,660.44,676.35,679.44,653.91,4457296.00
08/11/17,660.39,662.34,667.39,651.72,3590520.00
09/11/17,670.16,665.96,671.73,660.72,2542062.00
10/11/17,669.06,667.49,675.20,662.82,2893175.00
13/11/17,658.39,670.25,671.16,654.63,3238473.00
14/11/17,653.10,656.91,662.25,649.48,3691525.00
15/11/17,645.72,646.91,649.29,637.62,4298026.00
16/11/17,653.91,650.62,656.91,644.24,2465499.00
17/11/17,668.06,661.20,675.78,661.20,4032997.00
20/11/17,668.96,664.92,674.44,657.53,3289271.00
21/11/17,677.73,670.63,684.54,668.82,3657310.00
22/11/17,677.44,679.73,683.11,672.92,2272083.00
23/11/17,679.02,679.68,682.64,673.73,3683121.00
24/11/17,674.97,678.40,679.11,670.01,1925192.00
27/11/17,669.35,675.49,675.49,666.01,1865394.00
28/11/17,670.58,668.63,679.21,664.20,2544179.00
29/11/17,675.78,669.01,677.40,669.01,3056846.00
30/11/17,661.34,671.68,673.59,657.39,3990140.00
01/12/17,648.72,662.06,664.92,645.00,3941877.00
04/12/17,655.29,652.72,660.15,648.34,2322372.00
05/12/17,643.76,652.62,653.15,639.29,3329151.00
06/12/17,636.05,635.48,639.72,629.47,4266074.00
07/12/17,655.48,638.33,657.39,638.33,4021709.00
08/12/17,664.82,656.53,680.11,652.77,7508259.00
11/12/17,666.49,665.73,673.16,661.82,2207461.00
12/12/17,657.25,665.77,674.63,653.67,3980084.00
13/12/17,648.67,659.20,660.39,643.91,3661881.00
14/12/17,653.34,652.62,656.20,639.38,3143882.00
15/12/17,661.87,663.11,667.73,658.39,3158329.00
18/12/17,671.39,656.53,681.02,642.14,5093828.00
19/12/17,676.63,675.49,678.35,671.87,2035138.00
20/12/17,669.58,683.02,683.02,659.25,7388281.00
21/12/17,680.83,669.58,683.35,667.87,4801665.00
22/12/17,677.59,682.92,682.92,673.68,3322839.00
26/12/17,687.54,680.25,690.73,678.35,6011430.00
27/12/17,689.26,687.64,695.12,683.97,3611513.00
28/12/17,701.45,690.78,704.55,690.35,11572648.00
29/12/17,697.78,703.12,709.65,695.50,2816505.00
01/01/18,688.07,697.88,700.64,685.49,1833942.00
02/01/18,694.83,689.78,696.69,681.45,2467294.00
03/01/18,700.21,697.40,702.64,696.69,2634779.00
04/01/18,724.32,701.69,727.37,697.40,8082986.00
05/01/18,734.27,727.89,740.18,726.46,7136203.00
08/01/18,732.42,740.99,741.09,728.84,2584335.00
09/01/18,735.80,733.61,743.94,730.75,3197787.00
10/01/18,736.32,734.80,740.28,726.84,2990882.00
11/01/18,734.51,736.32,741.13,732.04,1934937.00
12/01/18,733.85,734.75,740.09,724.13,2169940.00
15/01/18,746.47,735.51,755.52,734.56,4171663.00
16/01/18,729.56,745.75,745.75,724.18,2791328.00
17/01/18,737.42,731.70,741.18,721.22,2988170.00
18/01/18,716.22,738.37,742.99,710.93,4616814.00
19/01/18,717.41,716.93,725.99,707.41,3217972.00
22/01/18,716.65,716.46,720.65,712.03,3605727.00
23/01/18,742.90,716.46,749.90,716.46,8036841.00
24/01/18,726.08,743.61,743.71,721.36,4935129.00
25/01/18,732.80,728.84,736.56,722.41,8397681.00
29/01/18,746.14,734.56,754.38,733.75,6508012.00
30/01/18,739.18,743.71,746.85,734.80,6019374.00
31/01/18,705.05,735.50,747.90,701.70,12958902.00
01/02/18,696.75,708.00,712.75,681.60,7403931.00
02/02/18,670.45,692.00,693.00,666.05,6500926.00
05/02/18,664.05,661.00,674.50,650.50,4698722.00
06/02/18,664.50,641.00,679.00,632.55,6704557.00
07/02/18,661.80,668.00,682.20,657.00,6789521.00
08/02/18,671.45,660.05,677.00,654.00,5845590.00
09/02/18,685.30,663.70,690.00,660.15,9140288.00
12/02/18,713.10,716.00,716.90,697.40,12036307.00
14/02/18,708.00,719.30,720.50,704.55,4885951.00
15/02/18,700.55,711.35,719.15,697.25,5131245.00
16/02/18,689.75,708.00,709.50,683.60,5012760.00
19/02/18,648.85,693.40,693.40,639.00,17658708.00
20/02/18,651.30,654.80,661.50,648.15,10214478.00
21/02/18,640.95,654.90,655.55,633.00,10307539.00
22/02/18,637.55,640.35,647.80,632.85,8950631.00
23/02/18,677.75,640.85,686.40,639.00,21866214.00
26/02/18,680.20,680.00,692.65,673.20,9199775.00
27/02/18,671.75,681.40,686.90,669.20,6805376.00
28/02/18,671.60,663.85,675.00,660.00,7112650.00
01/03/18,675.05,671.35,685.00,670.05,7128399.00
05/03/18,655.90,669.25,669.30,651.80,9785466.00
06/03/18,659.75,664.85,674.00,656.55,8414960.00
07/03/18,647.70,657.00,661.40,644.65,5130577.00
08/03/18,635.90,656.90,660.95,632.70,7126105.00
09/03/18,606.75,640.05,646.75,601.50,18096367.00
12/03/18,622.90,614.45,626.40,606.40,12193581.00
13/03/18,628.85,623.00,633.20,614.35,10490405.00
14/03/18,620.55,624.00,630.90,618.60,8655181.00
15/03/18,611.75,620.00,622.60,609.60,7510951.00
16/03/18,600.20,611.75,613.90,594.40,11739582.00
19/03/18,574.95,600.00,601.90,572.85,12542317.00
20/03/18,593.00,571.00,600.90,568.45,17645035.00
21/03/18,582.25,598.95,601.70,580.50,11939451.00
22/03/18,580.90,582.70,587.45,572.00,11486245.00
23/03/18,566.50,560.05,568.80,553.50,14133550.00
26/03/18,581.55,568.90,588.35,560.80,10929998.00
27/03/18,590.00,590.45,599.00,587.55,10038168.00
28/03/18,571.05,581.05,583.00,565.30,18655057.00
02/04/18,578.80,573.10,580.30,568.10,6889345.00
03/04/18,579.70,570.20,585.45,568.35,10508317.00
04/04/18,560.55,583.10,590.50,557.55,13909893.00
05/04/18,580.45,573.85,583.60,569.50,13262168.00
06/04/18,587.20,574.85,589.90,573.00,8520201.00
09/04/18,586.15,589.50,595.75,583.40,9489221.00
10/04/18,601.90,593.00,604.60,592.30,10850710.00
11/04/18,608.05,608.00,610.90,600.35,8724716.00
12/04/18,598.40,606.90,608.75,596.70,6628499.00
13/04/18,594.05,600.00,604.70,590.40,6716146.00
16/04/18,591.60,591.00,596.80,585.15,5145813.00
17/04/18,596.05,595.00,604.60,591.95,6400378.00
18/04/18,601.60,600.95,604.90,594.60,4259135.00
19/04/18,621.95,606.05,624.50,606.05,10817008.00
20/04/18,606.20,618.95,618.95,602.60,6346274.00
23/04/18,606.60,608.30,611.00,600.10,4591161.00
24/04/18,597.55,594.45,601.80,589.40,5953046.00
25/04/18,586.20,598.00,598.50,584.30,4122443.00
26/04/18,578.20,588.00,591.55,576.70,7463062.00
27/04/18,589.80,582.95,594.75,581.25,4717405.00
30/04/18,594.95,591.65,599.90,586.00,3658754.00
02/05/18,574.50,597.10,597.40,572.95,4241068.00
03/05/18,585.45,574.00,587.40,568.10,6778904.00
04/05/18,580.75,586.70,589.80,579.25,3881632.00
07/05/18,596.45,585.95,597.95,581.00,4553509.00
08/05/18,596.35,600.00,604.20,590.50,4125958.00
09/05/18,603.15,593.40,608.85,592.55,6238211.00
10/05/18,594.15,603.90,606.80,591.15,4001269.00
11/05/18,607.25,597.00,610.55,591.20,6155537.00
14/05/18,610.35,608.20,614.95,602.30,5173139.00
15/05/18,625.95,609.00,636.80,605.50,12818436.00
16/05/18,621.25,626.00,632.50,616.95,8426301.00
17/05/18,610.30,629.95,630.80,602.15,16037341.00
18/05/18,591.40,615.00,616.70,590.35,8216629.00
21/05/18,577.00,592.50,600.75,574.75,7162233.00
22/05/18,576.80,578.10,583.50,569.50,6096646.00
23/05/18,540.05,576.00,576.00,537.40,17148386.00
24/05/18,548.20,543.90,553.90,536.55,8700822.00
25/05/18,568.25,554.00,570.80,552.00,8895619.00
28/05/18,576.65,571.00,579.45,565.10,5235667.00
29/05/18,575.35,574.95,588.00,569.35,6477911.00
30/05/18,577.90,568.05,581.50,567.55,6201888.00
31/05/18,575.65,584.00,587.30,572.05,6652510.00
01/06/18,560.65,570.00,579.60,556.30,9249666.00
04/06/18,566.15,564.05,572.50,560.30,8742527.00
05/06/18,572.10,566.80,574.90,560.60,4688204.00
06/06/18,579.75,574.45,581.70,569.20,4445305.00
07/06/18,602.10,582.10,603.90,581.90,9279353.00
08/06/18,600.50,599.00,608.20,592.00,8386078.00
11/06/18,588.65,601.05,605.50,586.25,5151101.00
12/06/18,580.00,586.95,588.75,577.20,8588935.00
13/06/18,567.60,579.60,583.80,566.00,9060032.00
14/06/18,569.55,567.00,574.80,561.00,7482514.00
15/06/18,566.00,571.20,574.80,562.00,6208764.00
18/06/18,558.50,563.00,563.45,547.30,10566965.00
19/06/18,555.00,558.00,565.60,549.45,9452190.00
20/06/18,563.25,556.25,565.90,553.30,6610703.00
21/06/18,557.75,568.95,568.95,556.10,8465198.00
22/06/18,561.85,560.40,564.60,556.10,6247845.00
25/06/18,558.60,559.80,564.80,556.35,3899261.00
26/06/18,549.50,558.35,559.90,538.25,10207582.00
27/06/18,543.20,551.70,552.50,539.10,5654150.00
28/06/18,548.45,545.00,556.50,544.00,8655978.00
29/06/18,567.75,551.95,569.80,551.05,9477384.00
02/07/18,560.50,575.95,586.50,556.25,15763048.00
03/07/18,566.00,561.95,572.40,553.45,11236177.00
04/07/18,571.10,567.40,573.40,559.55,6862947.00
05/07/18,553.30,565.00,565.00,552.00,6013653.00
06/07/18,553.50,550.00,564.25,546.35,6614783.00
09/07/18,555.60,563.70,565.75,554.75,7443751.00
10/07/18,568.65,559.00,571.00,556.90,10004905.00
11/07/18,555.70,565.70,565.70,554.15,6111245.00
12/07/18,555.20,560.00,567.90,553.15,8443988.00
13/07/18,558.60,559.35,562.00,553.00,5579129.00
16/07/18,519.25,559.70,559.90,517.05,11159885.00
17/07/18,532.35,522.00,535.70,513.00,10792706.00
18/07/18,504.25,536.00,536.95,501.00,16451209.00
19/07/18,498.65,508.00,513.40,493.00,16808651.00
20/07/18,503.20,499.00,505.75,495.00,7261409.00
23/07/18,516.90,506.00,519.50,498.30,6878134.00
24/07/18,527.40,516.00,529.60,516.00,8398369.00
25/07/18,536.00,531.00,538.00,529.00,6782638.00
26/07/18,534.85,536.95,539.95,531.35,7481191.00
27/07/18,550.20,538.00,553.55,536.30,6462885.00
30/07/18,553.00,549.45,558.50,547.35,4787707.00
31/07/18,563.05,551.95,564.90,543.55,6373966.00
01/08/18,555.80,562.85,567.60,551.30,6067992.00
02/08/18,554.30,552.70,560.90,540.60,9493099.00
03/08/18,554.45,556.40,560.00,550.65,5570690.00
06/08/18,553.25,559.00,564.90,551.25,5543881.00
07/08/18,573.15,557.35,576.70,553.65,9285854.00
08/08/18,577.50,578.25,583.75,573.55,9008431.00
09/08/18,585.95,580.00,587.70,575.80,5757687.00
10/08/18,576.70,585.95,586.00,572.70,5725493.00
13/08/18,568.80,574.95,582.15,566.00,7856831.00
14/08/18,578.95,587.00,587.00,562.55,24030560.00
16/08/18,567.55,570.00,576.70,563.25,7907171.00
17/08/18,580.15,571.95,585.20,571.80,8743214.00
20/08/18,599.40,583.00,601.80,582.90,11662318.00
21/08/18,582.15,602.25,602.45,580.55,10873707.00
23/08/18,571.65,584.90,584.90,570.15,6676830.00
24/08/18,575.60,570.35,579.35,568.25,6060269.00
27/08/18,581.20,581.90,587.00,579.00,5391946.00
28/08/18,590.35,582.50,593.90,578.10,9021297.00
29/08/18,594.20,590.30,601.85,585.55,9885532.00
30/08/18,608.35,592.30,610.00,591.05,10283657.00
31/08/18,600.50,608.20,614.50,599.10,8633354.00
03/09/18,600.75,603.00,609.95,598.00,5479133.00
04/09/18,593.05,600.90,604.50,590.60,6099572.00
05/09/18,594.40,590.00,597.00,581.20,5791157.00
06/09/18,600.30,598.00,607.80,594.50,6689716.00
07/09/18,619.15,602.30,622.00,597.05,9445836.00
10/09/18,613.65,619.95,625.00,611.25,6284258.00
11/09/18,592.10,615.35,617.00,588.35,8111172.00
12/09/18,605.55,592.50,607.20,583.10,8566384.00
14/09/18,615.00,611.60,620.50,610.00,7975559.00
17/09/18,616.40,610.00,624.40,605.55,7183891.00
18/09/18,612.75,618.00,624.55,609.30,7828063.00
19/09/18,621.20,618.00,630.80,617.40,10134627.00
21/09/18,625.15,630.00,647.60,584.30,22977379.00
24/09/18,607.70,618.90,626.25,595.65,11242914.00
25/09/18,601.00,609.00,609.00,575.00,10985624.00
26/09/18,608.90,605.00,614.15,598.00,8647720.00
27/09/18,611.55,611.20,620.75,607.40,8239542.00
28/09/18,581.25,612.00,612.00,575.00,13027007.00
01/10/18,583.20,580.00,585.80,557.50,6972949.00
03/10/18,579.60,584.00,594.40,576.20,7217063.00
04/10/18,582.30,576.75,587.75,570.00,7629840.00
05/10/18,568.00,580.00,586.00,562.30,7868967.00
08/10/18,559.80,567.00,569.95,544.00,9171048.00
09/10/18,572.50,560.00,583.90,554.55,7734434.00
10/10/18,583.65,573.15,587.80,573.15,7153314.00
11/10/18,555.15,557.00,564.00,549.05,10401643.00
12/10/18,576.50,560.80,578.80,558.10,5733407.00
15/10/18,570.00,578.25,579.45,566.50,4100183.00
16/10/18,572.80,571.10,584.00,569.60,5660568.00
17/10/18,554.65,578.05,579.50,552.10,5020576.00
19/10/18,554.95,553.00,562.60,545.00,7718196.00
22/10/18,544.75,559.00,561.20,541.55,5101951.00
23/10/18,545.60,540.00,550.00,535.15,4634688.00
24/10/18,550.05,552.00,554.60,541.40,4219617.00
25/10/18,545.75,544.70,550.60,540.00,4467859.00
26/10/18,551.55,547.60,561.60,541.10,6099413.00
29/10/18,573.70,556.50,575.50,552.30,5738313.00
30/10/18,564.50,571.25,572.00,563.10,4015319.00
31/10/18,553.85,554.95,557.80,529.35,14070333.00
01/11/18,556.60,555.80,563.90,554.00,5469057.00
02/11/18,574.05,561.00,582.40,560.65,7979457.00
05/11/18,577.45,574.00,583.60,567.50,4535856.00
06/11/18,575.75,579.60,584.40,570.00,3910274.00
07/11/18,580.25,581.00,582.25,579.00,413871.00
09/11/18,572.20,579.35,579.35,568.45,4348716.00
12/11/18,582.85,573.55,589.70,572.15,8120996.00
13/11/18,589.20,583.00,591.50,579.10,7626487.00
14/11/18,589.10,605.00,610.60,584.30,21649289.00
15/11/18,589.35,590.30,596.90,581.45,6389521.00
16/11/18,574.10,590.00,591.00,569.55,7456927.00
19/11/18,582.40,577.45,583.80,574.00,4889287.00
20/11/18,563.30,577.00,578.00,562.00,7636368.00
21/11/18,551.40,562.00,562.00,550.00,11242898.00
22/11/18,539.65,552.00,553.60,538.15,8541612.00
26/11/18,530.70,544.00,544.00,521.65,10003787.00
27/11/18,522.30,529.70,529.90,512.50,15790907.00
28/11/18,523.95,522.30,528.90,518.65,11352466.00
29/11/18,533.55,532.00,538.85,529.15,13929332.00
30/11/18,529.50,535.00,536.80,525.50,7854071.00
03/12/18,538.10,541.20,552.70,535.75,12092365.00
04/12/18,538.20,532.70,540.50,532.15,6153810.00
05/12/18,517.70,533.00,533.00,515.00,7078082.00
06/12/18,510.20,513.25,521.70,501.00,12966714.00
07/12/18,509.30,510.70,514.90,503.20,8252927.00
10/12/18,502.85,499.40,509.50,497.00,5414705.00
11/12/18,500.75,495.60,503.70,486.15,11242572.00
12/12/18,520.25,506.00,522.50,505.50,8141983.00
13/12/18,512.25,528.05,528.05,508.00,6810095.00
14/12/18,513.55,511.00,517.80,506.50,5155980.00
17/12/18,524.00,518.00,525.25,516.40,4804854.00
18/12/18,527.00,523.00,528.40,519.60,5673527.00
19/12/18,527.40,527.90,532.45,524.60,4928043.00
20/12/18,523.35,520.00,527.00,520.00,3517335.00
21/12/18,520.20,524.15,532.00,518.30,5969670.00
24/12/18,513.70,518.00,520.70,512.00,4329440.00
26/12/18,513.45,509.00,517.30,504.40,4953741.00
27/12/18,506.50,518.00,519.80,504.95,5016931.00
28/12/18,512.85,508.20,516.45,508.05,6307408.00
31/12/18,521.05,520.00,525.00,516.20,7965812.00
01/01/19,515.75,524.00,524.50,513.55,4128173.00
02/01/19,493.65,506.00,506.80,492.00,11747350.00
03/01/19,481.25,493.00,493.15,480.25,13532944.00
04/01/19,487.65,481.00,492.85,479.55,10480072.00
07/01/19,485.50,495.40,501.00,483.90,8406787.00
08/01/19,491.35,485.65,493.35,483.80,6269706.00
09/01/19,479.20,488.95,497.30,475.25,12696660.00
10/01/19,480.40,480.00,484.15,477.50,7081000.00
11/01/19,474.20,483.95,484.25,472.00,7540824.00
14/01/19,470.85,474.20,474.40,466.80,5889917.00
15/01/19,475.05,473.00,476.50,469.00,7603181.00
16/01/19,474.55,476.10,479.90,472.70,5280293.00
17/01/19,473.15,476.30,478.25,470.50,4281935.00
18/01/19,470.65,473.55,477.70,468.00,4914849.00
21/01/19,471.70,473.00,477.50,470.10,4613690.00
22/01/19,456.55,470.70,470.70,455.00,8957766.00
23/01/19,464.60,457.00,467.85,457.00,7259386.00
24/01/19,460.75,464.50,464.50,457.20,4790846.00
25/01/19,452.90,462.20,465.80,451.20,4157967.00
28/01/19,445.70,452.90,453.95,443.30,4335147.00
29/01/19,443.80,444.00,452.15,441.35,5225724.00
30/01/19,467.45,446.70,471.40,446.70,10857925.00
31/01/19,476.70,472.05,478.90,467.65,9243729.00
01/02/19,474.70,477.00,482.00,470.00,5015994.00
04/02/19,476.05,474.90,478.60,452.00,10972029.00
05/02/19,464.70,477.00,477.00,459.45,7281927.00
06/02/19,485.10,466.00,486.70,463.80,10999265.00
07/02/19,489.05,483.45,491.40,478.10,7857338.00
08/02/19,468.75,483.00,487.75,465.95,8414514.00
11/02/19,480.70,475.00,487.00,460.30,23262314.00
12/02/19,487.40,478.40,497.20,476.70,18836111.00
13/02/19,484.00,490.00,493.35,481.95,8403265.00
14/02/19,482.55,482.00,486.35,475.40,6185042.00
15/02/19,467.50,483.00,483.40,462.65,7499240.00
18/02/19,465.55,468.90,477.00,464.40,6253514.00
19/02/19,470.95,465.40,480.60,465.40,8224545.00
20/02/19,491.15,472.50,493.85,472.50,15487251.00
21/02/19,498.85,492.55,502.90,490.35,11782714.00
22/02/19,502.30,497.00,504.00,492.10,10005723.00
25/02/19,505.10,504.00,509.50,498.25,10357604.00
26/02/19,503.60,498.00,508.60,491.70,9856299.00
27/02/19,507.10,507.00,512.30,497.95,9444346.00
28/02/19,500.45,506.60,511.00,498.30,7485418.00
01/03/19,507.60,503.50,509.70,502.00,6672569.00
05/03/19,521.75,508.40,522.90,505.20,9118037.00
06/03/19,520.85,522.90,525.35,515.45,6311227.00
07/03/19,521.15,519.85,523.20,513.55,6153631.00
08/03/19,507.85,516.80,518.60,506.30,6504847.00
11/03/19,520.65,510.00,522.40,509.50,5908275.00
12/03/19,525.15,524.40,530.50,521.00,8298275.00
13/03/19,513.75,525.00,525.00,512.60,6409153.00
14/03/19,517.65,513.95,521.80,513.50,4496642.00
15/03/19,515.45,518.00,520.95,512.45,4233938.00
18/03/19,525.20,519.50,526.75,515.25,6317605.00
19/03/19,527.50,527.80,531.90,520.65,6329840.00
20/03/19,513.60,526.05,526.25,511.05,8702307.00
22/03/19,518.40,517.00,524.00,515.60,5233446.00
25/03/19,515.15,512.80,517.70,507.05,5036887.00
26/03/19,519.35,516.00,520.95,514.15,3329825.00
27/03/19,515.80,520.00,523.00,513.05,5239158.00
28/03/19,506.30,514.40,516.45,504.80,8965093.00
29/03/19,521.00,510.00,525.00,508.05,11965611.00
01/04/19,535.15,530.00,544.00,528.10,13523554.00
02/04/19,530.65,538.00,538.00,526.05,5086818.00
03/04/19,535.45,536.90,547.60,533.45,11489680.00
04/04/19,530.65,532.75,537.40,526.50,5259917.00
05/04/19,549.30,531.20,551.00,531.20,10037713.00
08/04/19,549.05,553.20,557.00,545.80,10600901.00
09/04/19,553.05,551.00,555.00,540.25,6618936.00
10/04/19,544.40,551.65,559.40,541.70,7889153.00
11/04/19,535.70,541.00,546.40,533.50,6082398.00
12/04/19,533.65,537.00,542.70,532.20,6274016.00
15/04/19,553.15,536.90,555.00,536.05,10390317.00
16/04/19,553.25,553.55,556.90,549.15,6323654.00
18/04/19,543.10,553.50,554.50,536.70,6660522.00
22/04/19,534.20,540.00,545.75,533.10,3697686.00
23/04/19,523.35,534.95,538.50,521.50,5119376.00
24/04/19,525.25,526.90,527.85,512.70,8376835.00
25/04/19,510.75,522.00,529.30,509.00,8359418.00
26/04/19,545.25,520.85,547.75,515.55,38181011.00
30/04/19,557.20,543.05,560.80,535.70,14258161.00
02/05/19,554.95,554.10,561.65,549.45,9010030.00
03/05/19,547.80,554.00,556.00,546.60,5879636.00
06/05/19,535.95,534.25,543.50,527.45,9964839.00
07/05/19,530.60,544.95,544.95,529.00,6541498.00
08/05/19,522.65,531.25,532.40,521.60,6478432.00
09/05/19,519.15,522.55,526.40,516.35,5105597.00
10/05/19,486.80,522.00,525.75,479.05,37240921.00
13/05/19,472.30,480.10,488.00,463.40,15956920.00
14/05/19,469.55,466.95,477.60,456.30,21128606.00
15/05/19,462.95,473.05,480.95,460.65,12665057.00
16/05/19,469.25,463.95,471.30,455.15,11254731.00
17/05/19,469.45,465.05,471.50,461.00,7088486.00
20/05/19,483.80,478.00,494.75,476.65,8457583.00
21/05/19,472.55,484.85,484.90,468.75,6337058.00
22/05/19,473.00,472.00,480.55,467.40,8364224.00
23/05/19,464.70,477.60,486.50,462.05,9340376.00
24/05/19,484.15,465.00,486.30,458.40,10882481.00
27/05/19,512.55,484.50,514.30,483.55,18207705.00
28/05/19,507.05,514.10,518.60,505.20,9960613.00
29/05/19,493.30,505.70,511.75,491.85,8523687.00
30/05/19,487.95,493.00,496.45,486.00,7204363.00
31/05/19,488.30,490.80,494.75,481.05,10276991.00
03/06/19,497.65,488.95,501.85,485.10,8505392.00
04/06/19,497.65,496.00,502.75,491.90,6212566.00
06/06/19,484.60,497.65,502.55,483.00,7222799.00
07/06/19,482.10,483.00,489.90,475.80,6811104.00
10/06/19,486.05,489.00,494.80,483.10,6850917.00
11/06/19,492.50,489.90,494.15,487.00,6534548.00
12/06/19,505.85,492.75,508.00,490.05,12755525.00
13/06/19,502.55,504.00,505.85,496.55,7224857.00
14/06/19,501.80,499.05,508.50,497.05,6605896.00
17/06/19,473.10,500.10,500.85,472.05,11938286.00
18/06/19,472.30,473.25,478.50,463.65,10639454.00
19/06/19,494.10,482.10,498.40,482.10,18837523.00
20/06/19,501.00,494.10,502.80,489.85,7826356.00
21/06/19,497.65,500.00,500.90,494.45,6126246.00
24/06/19,486.25,497.20,499.80,481.85,7262000.00
25/06/19,498.00,474.00,499.80,473.95,13649119.00
26/06/19,510.60,495.00,512.30,490.30,12960084.00
27/06/19,510.70,511.50,516.45,506.65,11946714.00
28/06/19,504.40,511.50,515.65,499.10,8760034.00
01/07/19,506.95,509.85,514.85,503.15,8544375.00
02/07/19,508.80,508.55,510.90,502.10,5724004.00
03/07/19,510.30,507.90,514.80,504.60,6946409.00
04/07/19,495.30,500.00,502.65,493.75,7263059.00
05/07/19,478.35,496.50,498.50,475.30,7616348.00
08/07/19,468.05,475.00,479.50,465.20,8082591.00
09/07/19,468.45,469.00,472.00,462.55,6858580.00
10/07/19,454.80,469.50,474.35,448.05,13481344.00
11/07/19,462.00,461.30,466.50,453.70,9987038.00
12/07/19,472.90,464.30,479.45,460.25,13244118.00
15/07/19,468.30,478.00,478.25,463.35,7806079.00
16/07/19,476.70,465.10,478.60,464.10,6435210.00
17/07/19,475.70,476.00,479.80,468.50,5479322.00
18/07/19,466.60,473.00,475.35,463.85,5233173.00
19/07/19,458.05,470.00,473.00,453.25,7284885.00
22/07/19,465.55,458.05,467.30,451.20,6954452.00
23/07/19,459.85,466.20,467.90,456.75,5529284.00
24/07/19,446.00,460.95,463.00,443.10,8342001.00
25/07/19,440.35,448.00,451.95,438.30,7528091.00
26/07/19,445.50,439.00,448.20,435.65,6585786.00
29/07/19,433.45,445.55,445.90,431.00,7872723.00
30/07/19,415.05,434.90,441.90,406.20,9462921.00
31/07/19,432.05,413.00,433.60,409.50,11541800.00
01/08/19,420.00,427.50,431.90,414.80,9421985.00
02/08/19,409.10,413.90,417.15,404.60,13485952.00
05/08/19,399.25,403.95,403.95,389.70,11288854.00
06/08/19,401.60,393.65,408.00,393.65,10197585.00
07/08/19,381.90,395.00,396.50,375.85,13301609.00
08/08/19,367.40,379.00,379.50,360.60,22826394.00
09/08/19,362.35,370.50,373.65,360.85,13352761.00
13/08/19,348.70,361.70,367.60,345.35,14782051.00
14/08/19,364.65,353.60,370.75,353.40,18738769.00
16/08/19,363.05,360.00,366.90,355.45,11920211.00
19/08/19,359.55,365.90,366.95,357.15,9884966.00
20/08/19,358.25,359.70,361.85,353.15,9363734.00
21/08/19,343.00,357.00,358.20,341.85,11423378.00
22/08/19,333.70,339.90,346.95,330.40,15459800.00
23/08/19,345.25,333.00,348.95,330.35,11210134.00
26/08/19,338.05,346.40,347.60,322.20,23764999.00
27/08/19,350.90,340.95,354.70,340.15,17375296.00
28/08/19,336.95,350.90,350.90,333.40,12641716.00
29/08/19,335.55,334.00,342.65,328.60,13481310.00
30/08/19,344.90,342.00,347.50,337.20,17972207.00
03/09/19,331.40,341.00,341.15,329.00,9220653.00
04/09/19,339.25,331.40,340.95,327.30,12904710.00
05/09/19,345.15,346.00,352.00,342.25,14250885.00
06/09/19,355.40,347.00,357.85,342.85,11555487.00
09/09/19,353.80,355.40,360.60,348.15,14329619.00
11/09/19,367.05,355.30,368.70,355.20,13650027.00
12/09/19,365.05,368.80,379.50,363.00,18846820.00
13/09/19,367.35,367.00,369.15,357.75,11622249.00
16/09/19,361.10,362.00,366.40,358.60,8064319.00
17/09/19,344.95,361.20,366.00,342.05,13198400.00
18/09/19,358.25,348.00,361.30,345.35,16253184.00
19/09/19,344.65,356.00,356.00,340.05,13656495.00
20/09/19,368.55,347.90,381.00,344.10,26764714.00
23/09/19,377.35,377.60,388.85,369.00,16393164.00
24/09/19,370.80,378.00,379.30,368.20,9578989.00
25/09/19,362.05,367.50,367.95,357.55,9116985.00
26/09/19,375.75,365.00,379.35,363.35,14066152.00
27/09/19,359.65,373.00,373.50,358.00,10568777.00
30/09/19,360.50,355.00,363.70,345.60,14719696.00
01/10/19,351.55,362.00,364.70,344.10,12564189.00
03/10/19,339.60,346.50,348.90,338.45,12130956.00
04/10/19,333.10,344.75,344.80,331.10,11445216.00
07/10/19,324.80,334.85,338.25,323.50,12415780.00
09/10/19,336.45,323.35,338.00,320.35,14776741.00
10/10/19,329.95,332.90,334.55,328.00,11507498.00
11/10/19,339.00,335.00,342.45,332.00,17158849.00
14/10/19,344.85,345.75,352.75,342.95,16723963.00
15/10/19,349.20,345.05,358.35,338.70,17972207.00
16/10/19,347.40,353.80,353.80,345.25,12814302.00
17/10/19,356.10,346.00,361.35,340.35,16695158.00
18/10/19,359.60,355.95,362.80,351.75,16568036.00
22/10/19,354.50,357.50,363.80,353.00,11944283.00
23/10/19,356.20,352.00,358.75,349.25,9318450.00
24/10/19,359.90,356.05,362.00,353.80,10973402.00
25/10/19,362.25,356.30,368.95,356.05,14996692.00
27/10/19,365.00,363.80,365.55,363.10,1082016.00
29/10/19,390.20,365.55,399.70,365.55,25155314.00
30/10/19,388.00,389.90,393.70,384.30,14371442.00
31/10/19,380.55,388.90,390.10,376.20,21756023.00
01/11/19,399.50,380.05,402.90,378.00,24111195.00
04/11/19,409.15,403.00,421.70,403.00,28934434.00
05/11/19,403.95,414.00,417.90,401.60,20874434.00
06/11/19,404.45,402.00,408.90,398.70,17935147.00
07/11/19,403.10,404.00,408.85,388.80,40700760.00
08/11/19,397.95,401.50,406.20,395.10,21423520.00
11/11/19,401.45,395.50,403.75,394.00,13573974.00
13/11/19,397.90,400.90,408.85,392.70,17511469.00
14/11/19,391.95,396.10,398.70,389.40,10869425.00
15/11/19,394.50,392.00,403.00,390.60,11813259.00
18/11/19,410.05,396.40,412.60,396.00,18906528.00
19/11/19,401.75,414.00,414.85,400.00,14265083.00
20/11/19,398.70,401.00,408.50,397.30,12255602.00
21/11/19,385.10,399.00,399.15,383.25,10208554.00
22/11/19,400.00,386.00,402.80,383.10,17271949.00
25/11/19,419.50,405.25,421.00,403.00,27612458.00
26/11/19,424.15,425.00,429.30,416.75,28276312.00
27/11/19,421.35,425.30,427.00,419.20,10984679.00
28/11/19,432.10,422.20,434.30,422.15,15766073.00
29/11/19,427.50,427.45,429.50,421.10,12631956.00
02/12/19,420.85,424.95,426.95,419.00,8337171.00
03/12/19,399.65,418.00,418.55,396.40,16870656.00
04/12/19,409.30,392.80,411.45,389.00,26113249.00
05/12/19,399.80,411.05,411.85,397.10,11110884.00
06/12/19,403.25,401.45,407.50,393.85,16931082.00
09/12/19,406.70,403.00,411.80,401.95,12318452.00
10/12/19,402.05,405.00,409.60,400.20,9349585.00
11/12/19,405.55,402.40,408.20,400.35,8227863.00
12/12/19,418.70,408.30,420.90,406.80,14984671.00
13/12/19,428.40,430.25,434.60,423.45,21628183.00
16/12/19,421.00,432.00,432.00,420.15,9565831.00
17/12/19,439.40,423.60,441.90,423.05,30757738.00
18/12/19,444.75,439.40,454.80,436.05,40028398.00
19/12/19,446.75,440.00,449.40,438.00,20547286.00
20/12/19,461.00,446.00,463.40,443.10,26931262.00
23/12/19,462.15,461.00,467.50,457.05,18631143.00
24/12/19,463.00,462.20,464.70,459.40,11235505.00
26/12/19,467.90,463.00,472.00,463.00,18255603.00
27/12/19,469.50,469.25,471.80,463.20,11144333.00
30/12/19,474.75,470.10,476.30,465.10,11462074.00
31/12/19,472.05,472.65,475.30,469.50,9644145.00
01/01/20,467.75,473.00,476.50,464.80,12100530.00
02/01/20,484.85,472.00,487.80,472.00,21674961.00
03/01/20,483.70,483.00,486.20,479.45,12956863.00
06/01/20,473.25,480.00,480.00,470.55,9601608.00
07/01/20,476.10,475.50,484.60,473.55,13195788.00
08/01/20,475.25,471.65,478.15,467.00,13304841.00
09/01/20,483.15,485.00,486.00,479.10,10131152.00
10/01/20,486.20,485.50,493.85,480.00,15927634.00
13/01/20,495.75,491.10,497.00,487.75,10942750.00
14/01/20,498.60,496.45,506.00,495.75,15660822.00
15/01/20,502.10,491.90,503.55,489.15,12117948.00
16/01/20,494.40,502.00,504.05,492.10,10438369.00
17/01/20,495.25,493.30,498.90,491.90,5682460.00
20/01/20,490.65,497.00,499.80,489.15,7291878.00
21/01/20,476.15,487.80,487.80,473.50,11315803.00
22/01/20,475.05,478.65,479.85,473.20,7662171.00
23/01/20,480.25,475.90,481.85,473.15,7200020.00
24/01/20,483.40,480.30,485.10,476.45,7481130.00
27/01/20,462.45,477.75,477.75,460.10,12963119.00
28/01/20,446.25,460.00,462.00,442.00,18015283.00
29/01/20,452.20,452.80,459.70,449.60,11081834.00
30/01/20,448.55,451.90,454.45,441.40,14652016.00
31/01/20,438.70,453.00,454.25,436.45,10738727.00
01/02/20,423.80,431.50,440.00,420.10,12915212.00
03/02/20,436.05,418.00,439.00,416.60,16237126.00
04/02/20,451.90,442.00,453.40,433.45,13336263.00
05/02/20,475.05,452.25,479.70,448.00,16056765.00
06/02/20,477.60,478.00,487.25,471.60,16666074.00
07/02/20,471.00,475.70,479.70,468.85,11649909.00
10/02/20,443.80,460.25,463.25,440.00,26796048.00
11/02/20,444.10,448.35,457.70,442.70,16824371.00
12/02/20,447.95,450.00,454.50,442.55,11785858.00
13/02/20,441.25,448.75,451.70,439.35,9965221.00
14/02/20,434.55,441.00,445.55,433.35,9484817.00
17/02/20,436.85,435.50,440.90,433.00,9724765.00
18/02/20,431.40,434.00,435.15,421.30,11502423.00
19/02/20,433.20,436.45,438.50,428.15,8465109.00
20/02/20,443.55,429.00,447.70,428.00,12980237.00
24/02/20,415.45,434.85,434.85,413.35,17523142.00
25/02/20,421.30,419.00,425.55,414.40,14558176.00
26/02/20,416.30,411.30,419.40,411.30,14270706.00
27/02/20,412.80,414.90,415.90,407.05,10226379.00
28/02/20,381.75,398.70,398.95,375.00,24532833.00
02/03/20,364.05,393.70,394.00,358.00,20220772.00
03/03/20,387.55,373.50,391.00,370.10,18648933.00
04/03/20,377.15,388.05,389.90,365.10,22937148.00
05/03/20,375.75,383.95,387.80,374.30,14628468.00
06/03/20,351.50,356.95,358.30,346.65,14848188.00
09/03/20,322.30,337.50,337.70,319.75,20423826.00
11/03/20,299.75,324.00,326.05,296.10,28693709.00
12/03/20,287.45,275.00,291.80,267.20,43767763.00
13/03/20,326.70,270.00,332.10,255.35,33842310.00
16/03/20,289.60,304.00,317.65,287.10,23606452.00
17/03/20,282.75,300.00,307.65,280.50,20654603.00
18/03/20,280.85,290.00,293.15,275.70,18772675.00
19/03/20,271.85,268.95,284.50,260.50,18723257.00
20/03/20,297.75,279.70,305.00,274.15,17307882.00
23/03/20,271.15,268.00,278.00,253.55,12100684.00
24/03/20,271.90,277.05,285.65,258.60,12928877.00
25/03/20,286.80,267.05,295.00,267.05,9442834.00
26/03/20,284.45,290.00,295.50,280.10,11493837.00
27/03/20,277.25,291.00,295.25,274.20,11184139.00
30/03/20,254.05,267.00,270.75,250.85,15853761.00
31/03/20,269.60,262.25,272.45,259.70,15787411.00
01/04/20,266.35,266.00,267.95,258.10,11965031.00
03/04/20,253.75,267.70,268.90,251.00,12528030.00
07/04/20,276.20,266.05,277.70,261.20,15956873.00
08/04/20,274.75,271.00,292.90,266.65,20435156.00
09/04/20,284.85,280.50,289.60,277.65,13855788.00
13/04/20,282.55,285.00,292.00,273.85,15510598.00
15/04/20,285.15,287.40,295.65,281.90,20991943.00
16/04/20,288.90,276.00,291.90,276.00,17248806.00
17/04/20,293.35,297.50,299.70,285.50,17492884.00
20/04/20,286.40,294.80,295.00,285.10,11961355.00
21/04/20,265.95,280.05,281.00,263.25,16925417.00
22/04/20,268.35,266.10,269.90,259.20,14789857.00
23/04/20,270.30,270.00,279.00,269.00,15468122.00
24/04/20,267.55,266.30,273.85,264.45,12383846.00
27/04/20,271.65,274.00,276.90,270.50,12410812.00
28/04/20,273.55,273.90,275.40,269.55,8548134.00
29/04/20,282.65,273.00,286.15,271.25,19876696.00
30/04/20,298.30,289.95,304.50,288.70,23636082.00
04/05/20,273.60,285.00,286.15,270.10,12892158.00
05/05/20,272.65,279.00,282.40,271.00,12182355.00
06/05/20,277.75,274.10,280.45,272.05,9507731.00
07/05/20,275.85,275.45,282.85,274.65,8958411.00
08/05/20,272.90,282.80,284.00,272.00,9878213.00
11/05/20,276.20,275.55,283.00,275.00,10907408.00
12/05/20,273.95,273.30,276.80,264.50,15040334.00
13/05/20,276.55,287.50,288.00,273.50,14723748.00
14/05/20,268.55,272.00,275.20,267.30,10796959.00
15/05/20,273.45,270.00,276.80,268.80,14991458.00
18/05/20,266.60,274.10,276.20,262.45,11616080.00
19/05/20,272.00,271.95,280.40,267.50,16897173.00
20/05/20,283.20,272.00,284.00,270.10,14423657.00
21/05/20,283.70,283.90,286.25,278.50,13035881.00
22/05/20,274.45,279.00,280.25,273.30,10656911.00
26/05/20,280.45,277.50,284.40,277.00,12108740.00
27/05/20,287.95,282.20,290.40,279.05,14007562.00
28/05/20,295.50,291.90,298.60,289.40,16602462.00
29/05/20,295.20,292.10,296.90,287.85,13128027.00
01/06/20,315.20,302.00,317.80,302.00,24384633.00
02/06/20,319.40,318.00,323.45,314.55,16563267.00
03/06/20,317.40,325.45,326.30,315.05,10387136.00
04/06/20,319.95,316.90,322.60,314.60,11251331.00
05/06/20,338.95,325.80,343.65,325.05,30918495.00
08/06/20,333.60,347.70,350.80,327.35,16481809.00
09/06/20,332.20,336.00,344.00,328.85,14926862.00
10/06/20,324.00,331.10,331.50,322.00,17218893.00
11/06/20,313.15,322.00,323.50,311.00,13906985.00
12/06/20,317.60,300.00,320.45,300.00,17558010.00
15/06/20,306.20,313.75,315.00,302.60,18582927.00
16/06/20,308.95,315.10,322.55,301.30,23442027.00
17/06/20,308.20,307.20,314.80,305.05,11447411.00
18/06/20,318.10,308.20,319.20,307.10,11369278.00
19/06/20,320.55,321.00,325.85,317.30,15134693.00
22/06/20,325.70,319.75,328.00,318.35,11031385.00
23/06/20,332.00,327.70,333.50,326.15,12551154.00
24/06/20,326.05,336.60,338.15,324.75,20782956.00
25/06/20,323.10,322.00,327.40,321.00,11345728.00
26/06/20,323.85,325.80,329.95,322.55,9706335.00
29/06/20,320.85,323.00,326.00,312.10,11961198.00
30/06/20,326.70,323.10,337.65,323.10,36523647.00
01/07/20,323.70,329.00,329.60,320.30,10489533.00
02/07/20,334.90,327.05,337.50,324.55,11971928.00
03/07/20,329.90,337.00,337.00,327.35,10612730.00
06/07/20,338.90,333.15,341.70,330.30,14144208.00
07/07/20,330.30,338.80,338.85,328.05,10839521.00
08/07/20,334.20,332.80,346.40,332.00,21561168.00
09/07/20,344.50,337.00,348.50,336.50,24403806.00
10/07/20,338.70,341.95,344.30,335.20,12526909.00
13/07/20,342.10,343.30,347.00,338.50,12115002.00
14/07/20,336.65,339.00,339.00,332.60,8307089.00
15/07/20,339.30,340.65,346.50,338.00,9687663.00
16/07/20,341.65,338.00,346.50,331.55,10586106.00
17/07/20,350.95,346.00,356.80,345.15,24416975.00
20/07/20,352.40,351.10,354.70,346.60,9532817.00
21/07/20,359.15,356.00,360.60,349.50,11368275.00
22/07/20,350.05,360.50,362.90,346.60,17844237.00
23/07/20,351.90,350.10,356.40,347.65,9625277.00
24/07/20,346.10,347.00,349.80,342.55,8918940.00
27/07/20,352.85,351.00,353.90,344.25,11835628.00
28/07/20,358.50,353.60,360.00,352.75,10640327.00
29/07/20,373.75,359.00,378.45,356.15,30116131.00
30/07/20,366.60,377.00,377.80,364.10,10399075.00
31/07/20,366.30,365.60,370.40,360.40,9024955.00
03/08/20,373.50,364.75,376.85,362.05,11137571.00
04/08/20,372.25,374.50,378.00,367.65,11184430.00
05/08/20,395.80,373.05,397.90,373.05,30559760.00
06/08/20,400.45,389.75,402.80,385.50,22123358.00
07/08/20,404.05,395.90,406.70,393.10,15176343.00
10/08/20,410.20,405.75,411.55,399.60,12018305.00
11/08/20,416.45,413.10,427.60,412.50,25885192.00
12/08/20,414.50,413.70,417.35,407.55,11574692.00
13/08/20,413.10,418.20,421.70,408.85,12422203.00
14/08/20,418.50,410.00,430.95,409.10,47742372.00
17/08/20,425.05,418.00,429.15,414.25,18145953.00
18/08/20,434.50,421.65,436.80,419.70,17342261.00
19/08/20,431.70,434.50,435.55,428.85,11843731.00
20/08/20,432.60,425.00,438.30,423.05,15846609.00
21/08/20,428.85,435.75,442.00,426.55,13482327.00
24/08/20,429.50,433.60,437.75,428.10,9093889.00
25/08/20,424.00,432.00,432.65,421.45,10554484.00
26/08/20,425.00,425.00,427.75,422.20,7957164.00
27/08/20,426.85,425.50,430.20,423.00,9549716.00
28/08/20,424.20,429.65,438.00,423.05,15212017.00
31/08/20,413.00,426.50,430.15,410.00,15746139.00
01/09/20,428.65,413.90,432.70,411.95,14072848.00
02/09/20,438.65,430.05,441.70,427.10,11739341.00
03/09/20,438.10,442.50,443.65,435.90,10214289.00
04/09/20,421.30,428.10,433.95,419.00,10530674.00
07/09/20,422.50,423.70,428.40,418.45,9628406.00
08/09/20,405.10,425.75,425.75,402.60,11637370.00
09/09/20,417.40,398.80,420.15,386.50,31999875.00
10/09/20,408.00,424.00,425.90,401.10,22920783.00
11/09/20,407.50,408.75,412.65,402.50,13687127.00
14/09/20,404.65,410.00,414.10,402.15,12331121.00
15/09/20,405.25,407.00,410.55,403.55,9132749.00
16/09/20,404.60,406.45,410.00,402.70,9987412.00
17/09/20,398.70,401.95,407.50,393.20,14808022.00
18/09/20,395.50,402.10,405.65,393.40,16842244.00
21/09/20,373.40,396.00,399.20,371.00,14138761.00
22/09/20,374.15,374.00,378.50,358.20,22013027.00
23/09/20,361.30,377.00,378.00,356.45,16984600.00
24/09/20,343.90,356.80,357.25,342.75,12495840.00
25/09/20,352.10,348.00,355.60,344.20,12242576.00
28/09/20,361.00,359.95,364.95,355.65,12270478.00
29/09/20,370.05,365.00,371.80,361.70,17891719.00
30/09/20,359.75,371.05,371.50,358.00,12963784.00
01/10/20,364.95,364.30,370.30,363.15,9555123.00
05/10/20,382.30,370.10,385.50,369.50,19590635.00
06/10/20,377.40,386.80,387.25,373.10,14286376.00
07/10/20,371.10,376.00,379.30,370.00,9694124.00
08/10/20,373.65,374.45,383.00,371.70,14111169.00
09/10/20,369.50,376.05,386.95,367.05,22006588.00
12/10/20,371.10,373.50,377.15,362.50,15756861.00
13/10/20,368.35,372.00,376.25,366.65,11902564.00
14/10/20,375.55,370.40,377.25,369.55,14892188.00
15/10/20,373.90,381.00,388.60,371.50,31651023.00
16/10/20,393.85,377.10,395.90,375.20,28855527.00
19/10/20,395.50,397.60,400.00,391.80,14729994.00
20/10/20,392.40,392.00,397.35,389.60,10949682.00
21/10/20,404.05,396.30,408.00,394.35,26351958.00
22/10/20,409.65,401.90,413.55,400.10,20888422.00
23/10/20,423.45,413.00,426.00,412.20,28588850.00
26/10/20,408.40,423.35,423.35,404.15,16608780.00
27/10/20,411.00,408.70,416.85,403.40,16062171.00
28/10/20,402.30,411.45,418.20,400.45,16965755.00
29/10/20,401.40,399.45,405.00,395.30,13860410.00
30/10/20,410.55,402.70,412.90,395.20,18021051.00
02/11/20,402.85,410.00,412.50,398.70,13143109.00
03/11/20,406.90,407.50,412.20,404.45,12258034.00
04/11/20,403.90,408.90,415.05,401.40,13614366.00
05/11/20,425.50,412.00,428.25,409.15,26517756.00
06/11/20,426.50,424.50,432.90,422.65,17398193.00
09/11/20,438.30,433.00,439.90,427.40,15830862.00
10/11/20,441.90,440.00,453.25,435.55,26200240.00
11/11/20,473.95,441.90,477.35,439.60,36861833.00
12/11/20,473.15,472.00,479.90,466.30,23493685.00
13/11/20,486.55,470.85,488.40,465.00,23418187.00
14/11/20,492.20,496.55,499.50,487.00,7837400.00
17/11/20,522.70,506.00,530.95,501.70,64284599.00
18/11/20,517.20,518.00,523.80,510.65,17481513.00
19/11/20,523.60,511.85,535.70,510.00,20137998.00
20/11/20,532.90,526.00,541.70,521.00,26686000.00
23/11/20,543.10,538.00,546.00,536.35,17025425.00
24/11/20,548.30,547.95,550.45,541.40,13029126.00
25/11/20,541.25,551.00,558.65,539.50,17680989.00
26/11/20,568.40,546.00,571.10,541.25,22570185.00
27/11/20,577.35,570.00,582.35,563.05,46291248.00
01/12/20,585.80,592.00,592.00,576.95,14739109.00
02/12/20,604.35,585.70,607.60,584.05,24997085.00
03/12/20,620.90,609.00,624.75,608.00,24775652.00
04/12/20,622.70,624.00,632.50,614.60,20153552.00
07/12/20,614.55,623.60,629.00,609.45,15588321.00
08/12/20,613.45,616.00,621.45,602.45,17015853.00
09/12/20,609.35,618.00,620.70,607.10,12730731.00
10/12/20,610.10,606.00,614.00,593.50,19829328.00
11/12/20,621.70,614.90,625.45,614.25,16395698.00
14/12/20,626.75,626.75,638.90,625.30,17722715.00
15/12/20,635.35,623.45,637.10,617.35,13226312.00
16/12/20,643.40,641.20,649.45,638.20,16040256.00
17/12/20,635.30,643.40,646.00,631.45,7965186.00
18/12/20,631.25,638.25,640.85,628.00,25351506.00
21/12/20,595.85,624.00,627.70,585.60,19076654.00
22/12/20,601.35,596.00,610.45,585.00,18846879.00
23/12/20,621.40,599.00,624.20,596.30,12238343.00
24/12/20,622.30,625.30,636.95,619.25,12090740.00
28/12/20,632.65,628.25,635.35,626.60,10480517.00
29/12/20,632.20,637.85,639.65,621.05,10416326.00
30/12/20,640.45,632.95,643.95,624.05,11514428.00
31/12/20,643.65,636.55,653.50,636.55,17713012.00
01/01/21,643.10,645.00,649.70,640.00,8411396.00
04/01/21,693.00,649.00,699.90,646.45,38184955.00
05/01/21,680.55,687.00,693.85,675.10,21545254.00
06/01/21,683.80,684.00,696.65,675.00,19610522.00
07/01/21,722.80,693.00,731.50,691.70,38232194.00
08/01/21,713.15,727.00,727.25,703.10,19329313.00
11/01/21,695.65,712.00,712.00,688.20,17024509.00
12/01/21,694.90,695.00,724.50,691.10,24525484.00
13/01/21,709.15,701.45,714.55,693.00,19353871.00
14/01/21,706.35,710.00,714.45,697.10,11540858.00
15/01/21,705.90,712.00,721.50,697.65,20688437.00
18/01/21,666.70,708.00,708.75,659.50,25045226.00
19/01/21,681.10,672.00,683.95,647.00,31245118.00
20/01/21,690.15,690.15,699.50,682.60,23313150.00
21/01/21,666.70,691.00,694.75,661.60,16117867.00
22/01/21,647.00,670.00,675.80,633.65,23715665.00
25/01/21,651.95,651.00,661.85,631.00,16348473.00
27/01/21,626.00,650.90,651.15,623.80,14918084.00
28/01/21,623.70,618.00,630.60,612.60,17091752.00
29/01/21,601.00,630.05,633.80,596.00,26826575.00
01/02/21,636.10,604.90,640.00,597.45,21084694.00
02/02/21,641.65,643.00,648.00,624.10,18048957.00
03/02/21,653.15,644.90,664.30,637.25,14846381.00
04/02/21,655.95,654.00,663.50,638.60,14764995.00
05/02/21,685.05,656.90,690.60,651.40,29100888.00
08/02/21,702.95,694.00,704.90,682.70,21462169.00
09/02/21,699.20,706.50,716.45,691.60,29337028.00
10/02/21,690.25,710.00,724.50,680.05,57397919.00
11/02/21,694.70,687.60,704.60,682.85,16340705.00
12/02/21,680.50,695.00,697.90,678.50,14705479.00
15/02/21,672.15,687.10,688.00,670.00,13171672.00
16/02/21,699.20,672.15,708.60,668.30,33661838.00
17/02/21,696.80,697.65,703.50,687.50,15957483.00
18/02/21,697.75,700.00,711.00,694.00,14856147.00
19/02/21,670.70,696.00,696.00,655.95,22392386.00
22/02/21,684.55,672.90,697.90,670.85,28149109.00
23/02/21,729.30,689.60,736.00,682.20,38907071.00
24/02/21,727.70,735.00,745.00,720.00,21676789.00
25/02/21,742.90,735.20,753.00,731.95,21901596.00
26/02/21,715.15,725.00,741.60,711.10,23551591.00
01/03/21,730.40,724.00,738.25,711.35,14058646.00
02/03/21,735.50,730.45,739.75,723.15,11113399.00
03/03/21,777.15,741.00,782.50,741.00,28842835.00
04/03/21,757.95,751.00,766.90,743.65,22873822.00
05/03/21,733.30,748.50,756.00,727.00,16881960.00
08/03/21,737.25,743.95,751.20,735.05,10614596.00
09/03/21,706.75,745.00,750.95,702.25,19556438.00
10/03/21,724.50,714.90,729.95,703.05,19685860.00
12/03/21,719.95,740.00,745.00,714.00,16121409.00
15/03/21,736.40,722.00,739.00,715.05,15543231.00
16/03/21,724.05,740.10,740.10,719.20,12569998.00
17/03/21,704.40,724.95,726.00,700.65,10540959.00
18/03/21,704.85,716.25,722.90,698.30,14320651.00
19/03/21,733.00,702.75,736.75,681.25,24637814.00
22/03/21,743.50,731.10,745.65,725.00,13760370.00
23/03/21,741.15,746.00,749.45,733.30,11873896.00
24/03/21,702.80,731.00,733.00,698.95,21030283.00
25/03/21,723.15,710.10,730.70,688.35,36722400.00
26/03/21,766.85,730.40,774.90,725.20,42912247.00
30/03/21,800.00,780.00,810.00,777.90,28480338.00
31/03/21,811.85,794.00,823.50,790.10,28044585.00
01/04/21,863.05,821.00,868.90,819.00,36842098.00
05/04/21,867.75,862.00,877.85,837.15,30575986.00
06/04/21,862.85,875.50,882.50,858.15,20778920.00
07/04/21,874.85,869.50,885.00,864.65,17113208.00
08/04/21,918.40,884.00,953.65,882.70,53063056.00
09/04/21,899.50,921.00,930.00,885.70,32179069.00
12/04/21,851.55,876.55,893.20,843.35,22135504.00
13/04/21,879.00,862.00,881.60,849.00,20428502.00
15/04/21,898.20,892.00,911.50,879.50,21856357.00
16/04/21,890.25,903.80,914.40,886.25,17398598.00
19/04/21,888.05,869.80,899.00,860.00,19146996.00
20/04/21,894.00,900.00,905.75,882.00,16915293.00
22/04/21,921.40,899.95,938.65,897.05,31902815.00
23/04/21,925.60,929.80,945.00,910.75,24752386.00
26/04/21,940.75,935.00,956.00,930.05,21234858.00
27/04/21,977.75,948.30,983.00,944.30,24904515.00
28/04/21,971.40,985.00,986.00,962.00,20447968.00
29/04/21,1031.35,983.00,1036.95,983.00,44718647.00
30/04/21,1034.00,1024.00,1052.60,1011.10,28129738.00
03/05/21,1064.75,1031.95,1069.00,1018.50,26484100.00
04/05/21,1063.85,1074.45,1086.65,1057.55,24961628.00
05/05/21,1070.15,1084.00,1088.35,1047.00,19249839.00
06/05/21,1100.90,1055.00,1129.00,1042.50,46434537.00
07/05/21,1182.35,1135.00,1192.00,1130.10,54075433.00
10/05/21,1216.35,1210.00,1229.00,1200.00,28080884.00
11/05/21,1233.90,1190.00,1246.00,1176.90,41108381.00
12/05/21,1179.15,1231.95,1246.85,1163.25,30889192.00
14/05/21,1132.10,1185.00,1185.00,1115.20,37648032.00
17/05/21,1150.85,1138.00,1158.20,1103.50,28753430.00
18/05/21,1180.00,1175.00,1196.45,1157.05,24573880.00
19/05/21,1164.25,1173.00,1189.55,1158.00,17435026.00
20/05/21,1105.05,1131.10,1135.50,1098.05,28446253.00
21/05/21,1113.10,1114.00,1123.90,1105.85,14104926.00
24/05/21,1092.00,1108.00,1108.95,1082.10,18923842.00
25/05/21,1105.20,1101.95,1125.95,1100.00,18113752.00
26/05/21,1082.15,1090.50,1094.00,1072.50,15432703.00