Date,Close,High,Low,Volume
26/05/16,338.35,340.90,333.10,3199161.00
27/05/16,336.80,342.00,334.30,1918069.00
30/05/16,339.55,342.90,334.40,1030970.00
31/05/16,335.90,340.80,335.00,700811.00
01/06/16,333.35,342.25,329.70,1213913.00
02/06/16,339.30,340.90,332.00,970908.00
03/06/16,334.10,345.90,332.50,1592233.00
06/06/16,333.35,336.20,330.90,424664.00
07/06/16,336.70,340.00,331.90,714034.00
08/06/16,336.65,339.20,334.25,591729.00
09/06/16,334.85,341.00,333.45,765829.00
10/06/16,327.05,332.95,325.50,1219382.00
13/06/16,322.65,324.00,318.50,1151014.00
14/06/16,330.05,331.60,321.50,805228.00
15/06/16,330.35,332.00,326.60,905002.00
16/06/16,323.45,331.00,321.25,854803.00
17/06/16,319.80,326.95,316.65,1072955.00
20/06/16,321.10,322.00,315.25,1580991.00
21/06/16,323.30,325.40,321.75,951259.00
22/06/16,322.80,326.50,319.40,782654.00
23/06/16,321.50,323.90,318.65,774398.00
24/06/16,309.40,313.65,297.50,2104610.00
27/06/16,310.75,312.50,302.50,1023149.00
28/06/16,314.00,316.20,311.15,801912.00
29/06/16,319.75,322.85,316.20,1042469.00
30/06/16,322.25,323.90,319.00,1487910.00
01/07/16,317.70,324.35,316.85,904694.00
04/07/16,320.80,323.70,317.75,951754.00
05/07/16,325.20,327.60,320.40,1148350.00
07/07/16,315.55,328.30,313.80,1645583.00
08/07/16,314.45,317.45,311.70,1144337.00
11/07/16,316.40,319.70,315.20,1094093.00
12/07/16,318.30,320.50,317.20,685286.00
13/07/16,324.80,326.00,318.60,1598094.00
14/07/16,325.85,329.20,324.70,1303895.00
15/07/16,325.50,327.90,323.00,634496.00
18/07/16,324.40,329.85,322.75,827884.00
19/07/16,325.40,327.50,317.10,946520.00
20/07/16,334.55,336.45,326.00,2464770.00
21/07/16,335.40,339.80,334.05,1380113.00
22/07/16,334.75,338.50,330.40,1579757.00
25/07/16,335.95,337.70,328.70,801718.00
26/07/16,341.90,347.25,337.25,2035164.00
27/07/16,343.80,349.45,341.15,1549480.00
28/07/16,346.80,348.50,340.85,987748.00
29/07/16,349.55,354.90,344.70,910131.00
01/08/16,371.15,374.90,350.00,3665912.00
02/08/16,366.05,375.75,358.85,6290334.00
03/08/16,345.20,360.70,341.80,2751998.00
04/08/16,347.85,356.50,343.00,2223022.00
05/08/16,348.85,351.95,345.60,1923274.00
08/08/16,351.80,355.65,349.05,1354336.00
09/08/16,347.65,353.25,345.15,932563.00
10/08/16,348.05,352.60,343.70,1156783.00
11/08/16,360.25,362.45,345.15,3161164.00
12/08/16,365.75,367.60,361.20,3330018.00
16/08/16,371.90,373.35,363.60,2049020.00
17/08/16,366.35,374.25,363.55,1960202.00
18/08/16,365.75,369.65,364.45,674230.00
19/08/16,382.60,384.60,366.50,2529707.00
22/08/16,372.15,382.95,371.40,1987988.00
23/08/16,372.40,377.75,369.20,957444.00
24/08/16,388.20,389.90,370.00,2252690.00
25/08/16,379.30,390.10,378.00,2595970.00
26/08/16,391.75,393.50,380.20,2173621.00
29/08/16,391.35,395.00,386.10,1466993.00
30/08/16,394.75,396.50,391.10,1235418.00
31/08/16,390.30,401.80,389.35,1532132.00
01/09/16,387.40,393.80,385.05,1005027.00
02/09/16,390.50,391.90,387.25,1013529.00
06/09/16,391.90,394.95,389.20,1047007.00
07/09/16,391.30,396.00,389.80,802751.00
08/09/16,390.15,392.35,385.60,1303536.00
09/09/16,389.20,393.75,386.40,803476.00
12/09/16,374.50,389.00,372.60,737381.00
14/09/16,376.10,378.20,367.90,1654036.00
15/09/16,384.40,386.45,371.10,1055417.00
16/09/16,378.70,388.20,374.00,1287624.00
19/09/16,391.05,394.00,377.50,1304397.00
20/09/16,382.80,392.95,381.15,1004593.00
21/09/16,379.10,384.50,377.50,1363438.00
22/09/16,379.50,385.45,376.20,1332890.00
23/09/16,382.95,387.30,378.35,951856.00
26/09/16,378.25,383.50,375.10,1124060.00
27/09/16,381.45,384.95,378.85,808207.00
28/09/16,380.90,384.00,378.05,1095982.00
29/09/16,370.15,385.40,358.25,2285059.00
30/09/16,379.10,380.65,366.00,1423665.00
03/10/16,388.75,391.35,380.40,991323.00
04/10/16,397.15,399.95,386.40,922916.00
05/10/16,396.15,404.40,393.65,1788508.00
06/10/16,388.55,399.75,385.00,990117.00
07/10/16,388.80,391.00,381.60,673824.00
10/10/16,389.15,395.00,387.40,656590.00
13/10/16,379.80,388.50,376.25,1009060.00
14/10/16,397.60,400.80,378.25,1697163.00
17/10/16,392.75,405.50,390.85,1698535.00
18/10/16,399.50,402.00,392.35,1155659.00
19/10/16,401.90,406.40,394.70,1363962.00
20/10/16,396.35,406.00,395.10,1135724.00
21/10/16,394.85,398.90,390.20,717664.00
24/10/16,393.55,401.45,391.60,1138366.00
25/10/16,397.55,401.40,383.30,1426081.00
26/10/16,385.35,398.05,380.30,1122371.00
27/10/16,381.15,387.80,378.05,1126937.00
28/10/16,386.70,389.00,381.60,650491.00
01/11/16,385.85,388.00,381.40,731739.00
02/11/16,372.65,380.00,370.40,706340.00
03/11/16,364.85,373.25,362.30,813490.00
04/11/16,360.05,370.50,358.20,1100762.00
07/11/16,359.35,366.30,356.70,1185370.00
08/11/16,357.00,361.80,351.30,1125591.00
09/11/16,338.40,343.00,321.30,2657301.00
10/11/16,349.65,357.45,344.00,1186190.00
11/11/16,333.20,348.40,328.10,1700061.00
15/11/16,322.35,334.95,311.05,1505551.00
16/11/16,328.40,332.05,315.35,2298848.00
17/11/16,302.90,319.70,297.50,6767775.00
18/11/16,292.70,302.55,291.40,4264362.00
21/11/16,295.65,304.00,291.80,3918142.00
22/11/16,301.80,305.00,287.15,2767086.00
23/11/16,300.45,306.45,295.20,2023122.00
24/11/16,299.85,303.00,293.30,2248235.00
25/11/16,300.95,302.65,296.20,811050.00
28/11/16,300.95,305.75,296.65,1123572.00
29/11/16,307.90,311.75,300.10,1846523.00
30/11/16,315.85,317.00,309.05,1192481.00
01/12/16,310.10,319.00,308.35,824865.00
02/12/16,307.65,310.70,304.00,1160250.00
05/12/16,304.70,310.65,303.90,922044.00
06/12/16,305.55,309.90,300.45,1238205.00
07/12/16,311.40,313.40,300.60,2245422.00
08/12/16,325.90,330.00,314.50,2587201.00
09/12/16,326.85,330.75,320.85,1322050.00
12/12/16,319.10,326.80,317.00,705940.00
13/12/16,320.10,324.40,315.15,564836.00
14/12/16,321.90,326.00,320.00,1068792.00
15/12/16,322.65,325.20,316.45,562702.00
16/12/16,318.45,326.80,317.00,530449.00
19/12/16,318.95,320.50,315.15,1774884.00
20/12/16,308.25,318.90,307.20,1432895.00
21/12/16,310.00,312.10,304.10,567396.00
22/12/16,310.65,313.40,306.25,741648.00
23/12/16,316.20,321.70,300.70,1094247.00
26/12/16,308.70,315.90,305.50,701910.00
27/12/16,318.00,319.30,305.90,592542.00
28/12/16,317.50,322.00,315.65,626334.00
29/12/16,330.15,336.40,318.35,1845510.00
30/12/16,328.25,331.00,322.60,1143623.00
02/01/17,328.40,331.45,324.25,610013.00
03/01/17,332.70,335.35,326.90,731310.00
04/01/17,335.80,341.50,332.10,1356799.00
05/01/17,344.45,346.00,336.90,827752.00
06/01/17,336.45,347.90,334.60,1175458.00
09/01/17,341.90,343.50,333.35,1033270.00
10/01/17,344.40,347.35,337.55,1405832.00
11/01/17,343.60,349.40,342.30,710693.00
12/01/17,340.40,345.95,339.35,630487.00
13/01/17,343.65,345.35,341.10,688655.00
16/01/17,345.05,347.00,340.15,547333.00
17/01/17,344.90,348.50,342.10,496803.00
18/01/17,349.60,352.40,343.20,775480.00
19/01/17,352.15,355.95,350.15,945328.00
20/01/17,342.95,354.40,341.60,860199.00
23/01/17,338.20,344.80,336.40,552516.00
24/01/17,324.20,340.80,323.00,2596793.00
25/01/17,326.05,326.70,321.10,2568025.00
27/01/17,336.75,339.90,326.10,4456388.00
30/01/17,337.15,341.80,334.45,1631969.00
31/01/17,326.95,337.60,325.20,1612843.00
01/02/17,333.65,334.45,320.40,1862732.00
02/02/17,331.05,333.70,327.10,1355490.00
03/02/17,330.10,331.50,326.10,1466321.00
06/02/17,335.60,338.40,331.95,1812553.00
07/02/17,331.25,338.35,329.10,869077.00
08/02/17,334.70,336.20,330.05,1254426.00
09/02/17,342.65,345.00,336.35,3265744.00
10/02/17,346.65,350.40,344.60,1535831.00
13/02/17,339.90,348.80,332.75,1029954.00
14/02/17,342.85,344.95,336.35,906636.00
15/02/17,339.30,353.90,336.50,2442401.00
16/02/17,345.05,346.90,337.10,1585192.00
17/02/17,346.00,350.55,343.00,893333.00
20/02/17,349.75,351.00,344.20,1056213.00
21/02/17,362.80,364.50,349.75,2512131.00
22/02/17,354.75,366.80,352.30,2758303.00
23/02/17,356.80,363.75,354.35,1675341.00
27/02/17,366.75,372.00,358.00,2130688.00
28/02/17,373.50,374.90,364.00,1641378.00
01/03/17,378.05,381.50,372.30,2440853.00
02/03/17,369.80,381.95,368.20,1276606.00
03/03/17,371.75,373.35,366.25,771776.00
06/03/17,383.95,384.70,368.10,1948585.00
07/03/17,386.65,389.35,380.60,2272871.00
08/03/17,385.10,387.95,376.15,1287449.00
09/03/17,385.75,389.00,381.55,1197236.00
10/03/17,380.95,387.55,380.00,1028312.00
14/03/17,384.95,388.00,382.50,946705.00
15/03/17,389.00,393.50,384.20,2138757.00
16/03/17,390.10,392.95,387.25,1007968.00
17/03/17,388.45,393.15,385.10,1050542.00
20/03/17,390.40,392.30,386.55,978372.00
21/03/17,388.40,395.00,386.30,1145026.00
22/03/17,384.35,387.40,381.50,820270.00
23/03/17,385.95,388.90,382.65,2244578.00
24/03/17,388.20,392.20,387.00,699900.00
27/03/17,388.00,391.10,383.75,1096735.00
28/03/17,391.25,393.00,387.25,938344.00
29/03/17,413.25,415.60,393.65,5490967.00
30/03/17,413.35,424.75,412.00,9005493.00
31/03/17,412.10,416.20,410.00,1929752.00
03/04/17,413.90,418.00,412.75,2066051.00
05/04/17,415.05,419.60,414.05,1669848.00
06/04/17,413.05,415.25,409.45,1022311.00
07/04/17,410.05,416.75,408.75,2050518.00
10/04/17,411.75,413.65,407.15,642976.00
11/04/17,414.25,417.00,410.60,2274574.00
12/04/17,408.90,416.00,405.80,1518090.00
13/04/17,404.55,410.40,403.30,1305236.00
17/04/17,407.45,409.90,401.30,552471.00
18/04/17,407.80,415.85,406.20,1579604.00
19/04/17,414.40,415.90,407.85,1158457.00
20/04/17,418.95,420.40,412.10,2137845.00
21/04/17,413.80,423.45,410.60,1146672.00
24/04/17,415.25,418.00,412.00,1716410.00
25/04/17,417.60,421.30,416.00,1141951.00
26/04/17,411.75,420.00,406.60,1317050.00
27/04/17,409.45,415.30,407.85,895582.00
28/04/17,411.05,413.50,409.00,528444.00
02/05/17,415.25,419.50,410.20,1401263.00
03/05/17,415.60,418.80,413.55,614833.00
04/05/17,425.70,428.45,416.15,2791727.00
05/05/17,419.90,429.00,417.90,1670909.00
08/05/17,424.05,426.00,419.30,1454790.00
09/05/17,428.05,433.65,425.00,1733135.00
10/05/17,440.70,443.20,429.00,2301173.00
11/05/17,439.65,446.00,438.65,1081999.00
12/05/17,433.55,442.95,432.15,936331.00
15/05/17,431.85,436.40,430.10,696583.00
16/05/17,432.45,438.20,430.70,996780.00
17/05/17,430.20,435.00,427.25,686830.00
18/05/17,414.10,427.00,412.70,1231618.00
19/05/17,415.75,419.90,410.95,869457.00
22/05/17,415.65,420.00,413.85,633783.00
23/05/17,409.85,420.00,403.40,1795730.00
24/05/17,446.50,450.80,423.10,17793994.00
25/05/17,474.75,484.00,443.20,6345884.00
26/05/17,498.50,501.75,470.10,7060217.00
29/05/17,484.60,499.75,482.25,3146132.00
30/05/17,485.60,491.00,477.75,2205065.00
31/05/17,486.35,494.00,483.05,1405724.00
01/06/17,508.85,512.60,482.40,4560228.00
02/06/17,500.45,514.00,498.30,2365246.00
05/06/17,494.95,503.00,493.55,1025382.00
06/06/17,487.00,498.30,484.40,1495351.00
07/06/17,483.25,490.00,480.20,1913739.00
08/06/17,487.65,496.55,484.20,1991047.00
09/06/17,492.35,494.40,483.10,1047346.00
12/06/17,486.55,494.00,483.40,839096.00
13/06/17,491.55,492.95,484.00,1003567.00
14/06/17,491.45,494.00,482.25,971911.00
15/06/17,494.40,496.65,486.25,1103603.00
16/06/17,489.55,501.55,485.25,2190283.00
19/06/17,474.15,492.00,471.20,2123153.00
20/06/17,470.85,476.40,466.40,1711291.00
21/06/17,468.30,474.95,464.50,1052674.00
22/06/17,465.70,471.45,464.05,963813.00
23/06/17,454.30,466.00,449.50,1271328.00
27/06/17,446.05,457.35,442.70,939495.00
28/06/17,449.85,451.90,440.40,1006926.00
29/06/17,453.65,460.50,448.80,2525919.00
30/06/17,457.25,460.00,450.25,1121500.00
03/07/17,469.00,470.70,453.75,931791.00
04/07/17,463.35,469.50,460.65,1039319.00
05/07/17,475.75,479.00,461.70,1101536.00
06/07/17,470.75,479.55,469.00,968824.00
07/07/17,466.55,473.20,465.50,705657.00
10/07/17,467.00,469.75,464.95,131018.00
11/07/17,463.10,471.95,460.15,410364.00
12/07/17,473.60,475.00,462.80,1109015.00
13/07/17,484.75,486.90,472.00,1565828.00
14/07/17,482.85,488.95,479.95,1137145.00
17/07/17,483.80,486.75,480.30,595858.00
18/07/17,485.55,490.95,480.65,1241061.00
19/07/17,493.75,495.45,484.10,1122381.00
20/07/17,490.90,494.70,488.45,537286.00
21/07/17,499.70,501.40,489.30,1787299.00
24/07/17,502.30,505.30,494.00,958429.00
25/07/17,504.15,507.50,498.15,1689402.00
26/07/17,499.05,506.75,498.30,805173.00
27/07/17,515.90,520.75,498.15,2315891.00
28/07/17,510.80,516.90,507.40,1125651.00
31/07/17,504.25,511.65,502.30,769126.00
01/08/17,533.65,535.00,505.00,3099028.00
02/08/17,542.35,556.00,522.05,6316855.00
03/08/17,538.30,550.00,532.95,2375385.00
04/08/17,541.70,544.70,530.05,961460.00
07/08/17,536.85,546.30,535.10,784124.00
08/08/17,537.45,541.80,528.20,878858.00
09/08/17,527.60,537.40,524.40,896586.00
10/08/17,520.15,531.80,513.60,1088376.00
11/08/17,517.20,523.40,505.60,931742.00
14/08/17,554.20,556.50,516.10,2649764.00
16/08/17,542.50,555.95,540.40,1450555.00
17/08/17,543.35,553.30,539.85,1255237.00
18/08/17,537.70,541.80,530.20,675709.00
21/08/17,532.60,544.90,529.65,686697.00
22/08/17,524.90,534.25,522.40,973052.00
23/08/17,522.00,527.45,515.65,838053.00
24/08/17,521.00,525.00,517.80,953036.00
28/08/17,538.20,542.75,521.00,1969579.00
29/08/17,520.05,537.50,518.40,1688156.00
30/08/17,523.20,528.90,520.30,1053566.00
31/08/17,524.75,528.60,518.50,2169691.00
01/09/17,526.80,532.00,524.80,1188947.00
04/09/17,519.35,526.90,509.50,1233474.00
05/09/17,522.70,526.60,518.65,696199.00
06/09/17,526.25,528.75,516.65,585624.00
07/09/17,531.55,539.35,527.75,1207192.00
08/09/17,537.25,543.90,532.90,1196081.00
11/09/17,534.65,540.80,528.80,1030439.00
12/09/17,562.50,564.95,536.05,2593563.00
13/09/17,549.20,565.00,547.45,1605816.00
14/09/17,545.35,555.00,543.10,642754.00
15/09/17,544.75,547.00,533.05,1103473.00
18/09/17,552.05,558.00,547.45,898840.00
19/09/17,548.35,555.25,546.10,504747.00
20/09/17,549.15,554.75,545.50,652333.00
21/09/17,535.10,551.35,532.00,659982.00
22/09/17,515.25,531.00,512.20,1159434.00
25/09/17,509.65,517.15,496.55,1609372.00
26/09/17,518.70,520.75,502.15,1275397.00
27/09/17,512.55,525.20,509.30,1204430.00
28/09/17,501.00,514.95,494.55,1775294.00
29/09/17,506.05,510.85,500.10,1111845.00
03/10/17,522.95,525.85,506.65,1799838.00
04/10/17,520.30,526.90,518.55,629643.00
05/10/17,518.90,526.55,515.50,606330.00
06/10/17,528.60,534.40,519.00,1496005.00
09/10/17,520.00,529.30,515.05,563776.00
10/10/17,528.45,532.80,521.50,927705.00
11/10/17,522.50,541.00,515.05,2437073.00
12/10/17,535.45,536.45,521.55,1801073.00
13/10/17,532.50,540.00,531.05,796607.00
16/10/17,531.75,537.25,529.60,524070.00
17/10/17,539.15,542.60,529.30,1283028.00
18/10/17,537.45,545.90,536.20,490341.00
19/10/17,533.35,538.85,530.80,177470.00
23/10/17,543.85,545.00,533.40,1173130.00
24/10/17,537.95,544.80,531.75,589586.00
25/10/17,534.30,541.80,528.20,551428.00
26/10/17,534.15,536.10,529.50,669708.00
27/10/17,542.40,545.00,529.05,681482.00
30/10/17,559.80,561.50,543.95,1743507.00
31/10/17,567.60,572.20,552.05,1460525.00
01/11/17,561.80,572.70,558.40,592793.00
02/11/17,545.65,564.95,542.00,799902.00
03/11/17,548.95,557.00,546.00,725510.00
06/11/17,552.85,561.95,549.15,990471.00
07/11/17,547.85,559.00,541.55,442264.00
08/11/17,556.65,564.65,546.40,1650772.00
09/11/17,563.75,570.00,550.30,2117520.00
10/11/17,571.70,592.45,558.90,3234261.00
13/11/17,576.60,582.50,556.85,1525340.00
14/11/17,600.00,602.00,572.05,2462831.00
15/11/17,583.85,604.55,578.10,1279684.00
16/11/17,614.15,617.85,586.25,3247516.00
17/11/17,611.50,619.50,603.25,1133281.00
20/11/17,630.45,633.75,612.05,2116278.00
21/11/17,629.05,637.20,625.50,1101658.00
22/11/17,622.85,630.20,615.40,848723.00
23/11/17,624.80,631.50,615.10,778441.00
24/11/17,623.55,629.70,618.20,499364.00
27/11/17,649.10,652.20,617.55,2129856.00
28/11/17,636.50,648.75,633.30,870800.00
29/11/17,643.40,653.80,638.15,1309817.00
30/11/17,636.60,647.05,634.05,884638.00
01/12/17,616.40,639.45,611.70,1253644.00
04/12/17,610.40,621.00,604.70,693106.00
05/12/17,620.95,623.40,606.00,732058.00
06/12/17,599.80,620.30,598.15,1233072.00
07/12/17,617.60,620.00,586.55,2175719.00
08/12/17,625.75,627.85,616.05,929415.00
11/12/17,625.70,634.55,620.60,1109817.00
12/12/17,629.35,636.70,620.55,1360029.00
13/12/17,619.60,632.95,615.05,541225.00
14/12/17,616.95,624.20,606.45,713619.00
15/12/17,631.55,643.10,621.25,1642718.00
18/12/17,629.45,636.00,611.20,824581.00
19/12/17,633.35,637.25,629.25,648921.00
20/12/17,637.60,643.40,632.50,1480668.00
21/12/17,649.60,653.95,638.00,2116404.00
22/12/17,658.95,667.40,645.55,2152060.00
26/12/17,654.55,665.10,649.50,847460.00
27/12/17,668.55,672.70,650.10,1135117.00
28/12/17,656.15,675.30,652.00,2279651.00
29/12/17,655.90,670.00,653.20,893427.00
01/01/18,648.95,660.80,646.80,511241.00
02/01/18,647.40,658.00,642.10,751245.00
03/01/18,643.60,652.45,638.20,798896.00
04/01/18,645.70,650.75,636.60,1081080.00
05/01/18,646.35,657.95,644.00,1027065.00
08/01/18,638.65,652.80,636.00,899786.00
09/01/18,648.60,653.75,634.10,1307594.00
10/01/18,629.30,654.40,626.65,1116965.00
11/01/18,625.85,634.65,621.30,1177579.00
12/01/18,633.95,645.45,629.00,2080069.00
15/01/18,632.45,639.00,626.55,1014637.00
16/01/18,623.05,639.95,618.50,921801.00
17/01/18,628.25,634.00,611.75,1119332.00
18/01/18,600.45,631.05,595.15,1400130.00
19/01/18,618.20,620.70,602.05,1348469.00
22/01/18,624.95,626.85,611.15,1377160.00
23/01/18,625.55,635.00,617.10,2197060.00
24/01/18,611.10,629.35,604.50,1077221.00
25/01/18,615.10,619.80,605.00,830346.00
29/01/18,615.45,620.45,607.00,653176.00
30/01/18,609.00,612.50,605.40,1009788.00
31/01/18,605.00,616.00,600.75,1409431.00
01/02/18,607.05,610.95,597.05,1134949.00
02/02/18,572.55,601.40,568.10,1732350.00
05/02/18,596.10,600.00,555.20,1338482.00
06/02/18,586.10,594.00,562.45,874049.00
07/02/18,599.75,614.75,584.80,4412650.00
08/02/18,600.20,606.50,591.10,1511438.00
09/02/18,593.70,599.40,577.00,749611.00
12/02/18,592.50,609.90,590.35,1056620.00
14/02/18,601.75,606.20,594.00,807610.00
15/02/18,583.75,611.00,582.00,1410704.00
16/02/18,584.65,592.85,576.00,1359810.00
19/02/18,575.25,589.00,571.10,1107657.00
20/02/18,557.70,575.00,555.55,1719735.00
21/02/18,582.50,585.80,552.00,3319408.00
22/02/18,581.05,587.00,573.05,1992085.00
23/02/18,588.90,590.80,575.00,1932922.00
26/02/18,613.65,615.40,587.80,3006640.00
27/02/18,607.20,622.75,603.30,2434835.00
28/02/18,609.40,614.95,593.60,1203140.00
01/03/18,619.00,628.50,610.90,3773902.00
05/03/18,624.70,630.00,614.90,2560485.00
06/03/18,622.85,638.80,618.50,2662639.00
07/03/18,626.60,634.75,619.00,2265236.00
08/03/18,630.95,636.15,627.55,1668045.00
09/03/18,629.40,640.00,626.05,1181583.00
12/03/18,638.85,645.00,627.70,1810263.00
13/03/18,639.75,649.50,637.25,1700031.00
14/03/18,640.85,645.00,637.00,984998.00
15/03/18,640.35,644.90,635.55,1384611.00
16/03/18,627.20,644.85,622.35,1841603.00
19/03/18,620.90,633.45,616.20,822733.00
20/03/18,620.70,626.00,613.60,894158.00
21/03/18,613.35,625.85,612.25,1031312.00
22/03/18,614.55,618.00,606.00,897519.00
23/03/18,604.25,605.95,591.05,1327631.00
26/03/18,613.90,617.20,604.25,1401802.00
27/03/18,623.20,625.00,618.00,818027.00
28/03/18,620.90,625.80,617.90,1345369.00
02/04/18,638.50,639.95,622.00,1464913.00
03/04/18,647.85,654.50,629.25,2115452.00
04/04/18,618.00,658.70,613.25,3786573.00
05/04/18,631.20,635.20,623.00,1827047.00
06/04/18,631.75,638.25,624.40,1273774.00
09/04/18,634.60,638.80,632.15,995515.00
10/04/18,633.55,642.90,629.30,1024290.00
11/04/18,632.45,640.00,630.65,606508.00
12/04/18,638.80,641.45,625.45,1119748.00
13/04/18,638.10,645.50,635.40,1249604.00
16/04/18,647.10,648.40,631.00,1047119.00
17/04/18,637.45,648.90,633.80,851559.00
18/04/18,643.00,645.40,632.10,1594986.00
19/04/18,640.40,646.00,634.45,918780.00
20/04/18,635.90,640.90,633.05,1471042.00
23/04/18,654.60,664.70,632.30,2856205.00
24/04/18,638.80,655.95,636.15,1116832.00
25/04/18,637.65,645.50,633.60,1021947.00
26/04/18,629.85,640.00,624.50,1157190.00
27/04/18,635.70,637.20,628.05,798202.00
30/04/18,642.50,647.55,635.00,826570.00
02/05/18,628.10,643.85,625.00,564733.00
03/05/18,615.10,630.00,611.60,1108658.00
04/05/18,614.65,623.85,607.00,964694.00
07/05/18,627.55,635.00,616.55,1211109.00
08/05/18,620.20,632.05,618.30,1364773.00
09/05/18,614.80,625.85,613.00,676235.00
10/05/18,601.95,621.00,600.10,870436.00
11/05/18,618.00,620.80,603.00,1257437.00
14/05/18,596.15,616.00,594.35,1193579.00
15/05/18,597.75,604.65,581.25,1420733.00
16/05/18,591.35,597.75,582.25,1231251.00
17/05/18,583.20,597.25,580.10,1767964.00
18/05/18,551.75,566.85,531.10,18285567.00
21/05/18,543.65,555.85,536.20,2539158.00
22/05/18,550.80,557.90,534.25,1750504.00
23/05/18,544.80,552.50,543.60,1117372.00
24/05/18,531.45,550.00,524.40,2371320.00
25/05/18,537.65,539.90,526.85,2186624.00
28/05/18,557.50,561.00,540.25,1313655.00
29/05/18,543.50,558.60,538.80,1195089.00
30/05/18,548.40,552.00,535.20,1127560.00
31/05/18,539.95,550.95,537.35,1347553.00
01/06/18,532.90,544.40,528.25,860163.00
04/06/18,532.80,541.00,528.80,598601.00
05/06/18,518.20,535.20,513.50,1832843.00
06/06/18,530.40,533.00,505.45,3796941.00
07/06/18,522.95,534.00,520.10,1701945.00
08/06/18,529.80,532.00,514.50,2065278.00
11/06/18,524.70,537.95,523.00,1110895.00
12/06/18,533.25,534.70,520.10,1434827.00
13/06/18,524.70,539.90,520.40,1652739.00
14/06/18,526.15,531.40,524.00,701551.00
15/06/18,519.65,528.65,516.45,982058.00
18/06/18,521.10,524.40,512.70,863733.00
19/06/18,516.35,522.45,513.00,740949.00
20/06/18,523.20,526.70,517.00,944345.00
21/06/18,517.10,527.95,512.95,820102.00
22/06/18,517.35,521.40,507.65,1053470.00
25/06/18,515.10,521.20,509.40,1066173.00
26/06/18,529.25,532.75,493.05,4717208.00
27/06/18,535.25,546.65,520.55,2984948.00
28/06/18,511.50,538.90,502.05,3326253.00
29/06/18,523.80,525.90,509.05,2111937.00
02/07/18,514.95,524.95,513.50,1264522.00
03/07/18,525.95,528.50,511.00,1295642.00
04/07/18,525.40,534.00,522.05,1148342.00
05/07/18,517.05,528.65,513.60,846089.00
06/07/18,520.65,524.90,516.55,1102650.00
09/07/18,534.65,536.30,523.50,1129618.00
10/07/18,534.15,544.50,531.00,1179116.00
11/07/18,539.25,541.85,530.80,1024214.00
12/07/18,546.30,553.00,538.95,1528189.00
13/07/18,534.75,549.20,530.95,948812.00
16/07/18,529.10,538.55,526.10,778522.00
17/07/18,545.50,547.30,530.00,938627.00
18/07/18,536.95,549.90,531.40,937000.00
19/07/18,535.90,542.70,530.05,464289.00
20/07/18,552.95,557.90,530.15,1050986.00
23/07/18,573.75,575.00,557.65,2185529.00
24/07/18,585.20,588.95,576.00,2274342.00
25/07/18,570.50,587.00,566.00,1426281.00
26/07/18,568.75,578.90,564.40,2066139.00
27/07/18,574.20,584.50,563.40,975792.00
30/07/18,568.00,577.70,566.25,593437.00
31/07/18,567.95,572.00,561.30,876299.00
01/08/18,569.45,574.45,566.00,582499.00
02/08/18,573.05,579.00,561.05,1466081.00
03/08/18,574.65,583.30,570.05,1234771.00
06/08/18,577.90,582.85,572.65,770584.00
07/08/18,575.75,580.55,567.20,349767.00
08/08/18,592.00,600.00,572.50,3345450.00
09/08/18,593.15,603.40,590.40,1651139.00
10/08/18,621.05,627.40,591.20,5784459.00
13/08/18,620.85,632.00,604.60,2294997.00
14/08/18,613.75,621.00,610.10,1550915.00
16/08/18,607.85,616.60,605.30,1396753.00
17/08/18,616.30,625.50,608.10,1498617.00
20/08/18,620.70,630.00,616.60,1598541.00
21/08/18,612.60,623.45,610.10,697553.00
23/08/18,608.50,616.00,601.00,882972.00
24/08/18,612.50,627.80,605.00,2372163.00
27/08/18,623.55,625.00,610.40,1205346.00
28/08/18,629.55,634.80,615.60,1961333.00
29/08/18,627.35,636.90,623.00,1578658.00
30/08/18,623.70,633.00,621.00,2190793.00
31/08/18,614.80,629.35,612.50,922393.00
03/09/18,601.70,622.20,598.45,760491.00
04/09/18,600.70,609.95,596.25,1347621.00
05/09/18,588.50,604.70,570.00,1958179.00
06/09/18,596.25,598.50,577.50,1339924.00
07/09/18,599.35,602.95,586.65,849399.00
10/09/18,583.30,597.70,580.00,751831.00
11/09/18,575.60,589.80,572.20,971831.00
12/09/18,586.00,589.60,565.30,836403.00
14/09/18,617.25,621.95,590.50,2262200.00
17/09/18,598.65,611.75,594.65,1023584.00
18/09/18,578.65,599.85,575.50,1297992.00
19/09/18,567.85,584.40,564.40,1721437.00
21/09/18,562.85,575.95,549.85,1971129.00
24/09/18,568.00,574.85,555.00,698529.00
25/09/18,577.25,581.40,558.15,1036491.00
26/09/18,571.55,584.80,565.00,1144859.00
27/09/18,536.15,559.70,532.00,4577936.00
28/09/18,532.20,546.75,525.15,1450754.00
01/10/18,536.40,540.10,515.00,792956.00
03/10/18,529.70,545.20,522.60,1463072.00
04/10/18,515.50,531.00,508.50,1139340.00
05/10/18,506.45,518.00,500.00,1054183.00
08/10/18,479.15,507.65,472.25,1968318.00
09/10/18,484.65,487.65,476.00,1095066.00
10/10/18,515.55,519.00,485.30,1061550.00
11/10/18,498.30,514.20,486.30,1226218.00
12/10/18,510.40,518.40,500.00,733655.00
15/10/18,500.15,511.60,496.50,777013.00
16/10/18,508.65,516.55,502.35,677663.00
17/10/18,500.65,516.30,498.20,605510.00
19/10/18,507.15,510.35,489.45,1038482.00
22/10/18,500.85,512.30,498.45,549563.00
23/10/18,509.85,512.80,495.00,878249.00
24/10/18,524.75,528.00,510.65,1668478.00
25/10/18,526.70,529.00,514.50,1668379.00
26/10/18,506.95,530.00,503.55,941101.00
29/10/18,522.10,527.25,497.50,1133504.00
30/10/18,519.50,533.25,510.05,1163301.00
31/10/18,540.25,545.00,518.05,1775202.00
01/11/18,532.60,558.70,528.85,1650082.00
02/11/18,548.50,551.00,533.40,1590806.00
05/11/18,540.20,554.50,533.10,1997213.00
06/11/18,523.35,549.00,517.20,4859489.00
07/11/18,513.90,527.85,506.45,1291110.00
09/11/18,538.90,541.45,505.75,3357785.00
12/11/18,535.45,546.20,533.20,1052948.00
13/11/18,543.80,545.00,527.25,1036671.00
14/11/18,542.35,552.00,537.50,1078898.00
15/11/18,553.00,558.20,538.10,1322033.00
16/11/18,552.55,555.50,542.00,591046.00
19/11/18,561.65,567.80,550.05,1576273.00
20/11/18,547.00,569.95,543.55,1277292.00
21/11/18,560.30,563.95,547.55,709970.00
22/11/18,549.35,562.80,547.50,731163.00
26/11/18,559.30,562.50,541.15,858202.00
27/11/18,545.35,557.90,541.90,833265.00
28/11/18,536.45,551.25,534.00,1121781.00
29/11/18,552.75,554.95,538.60,1172042.00
30/11/18,553.95,561.60,547.05,1247505.00
03/12/18,556.70,562.00,548.40,909007.00
04/12/18,552.85,559.90,548.10,475903.00
05/12/18,551.65,554.50,542.10,768896.00
06/12/18,537.20,546.20,527.20,1390675.00
07/12/18,543.75,546.90,529.10,1600611.00
10/12/18,534.65,541.80,530.30,575162.00
11/12/18,552.75,555.95,525.90,1089579.00
12/12/18,569.05,570.20,548.05,2022689.00
13/12/18,568.70,574.90,558.20,1401052.00
14/12/18,578.75,582.80,561.70,1188909.00
17/12/18,567.65,590.50,565.20,2486280.00
18/12/18,561.35,571.10,558.35,1484453.00
19/12/18,573.20,579.50,560.95,2383638.00
20/12/18,576.85,582.00,564.75,1623344.00
21/12/18,569.95,580.00,567.20,1400954.00
24/12/18,555.20,569.00,551.00,1516765.00
26/12/18,549.60,554.90,540.60,1140324.00
27/12/18,551.15,555.75,545.05,2783701.00
28/12/18,551.30,557.15,549.30,1101215.00
31/12/18,553.50,561.50,551.15,1100958.00
01/01/19,555.45,558.15,551.30,547086.00
02/01/19,537.85,556.40,534.20,926605.00
03/01/19,536.35,544.10,532.95,1357716.00
04/01/19,536.15,541.05,527.55,1551273.00
07/01/19,541.75,545.35,538.50,877380.00
08/01/19,539.60,542.65,537.85,718834.00
09/01/19,535.15,544.20,531.25,769323.00
10/01/19,539.35,542.50,533.50,1070036.00
11/01/19,542.20,544.00,534.50,691132.00
14/01/19,540.70,545.40,538.15,562376.00
15/01/19,531.05,543.75,525.65,1562999.00
16/01/19,533.30,537.80,530.15,1219163.00
17/01/19,534.65,540.35,532.50,509792.00
18/01/19,535.15,537.80,532.25,371360.00
21/01/19,536.55,542.70,530.40,711696.00
22/01/19,540.15,544.40,526.10,1444834.00
23/01/19,532.75,541.95,531.40,424146.00
24/01/19,538.70,541.90,531.65,677637.00
25/01/19,532.45,543.00,531.10,750228.00
28/01/19,534.10,538.00,531.25,942490.00
29/01/19,541.35,544.50,528.50,1102180.00
30/01/19,541.60,544.10,532.00,572806.00
31/01/19,541.10,544.00,531.10,1406501.00
01/02/19,553.65,557.70,533.00,1915869.00
04/02/19,544.00,556.00,535.45,900993.00
05/02/19,533.55,546.50,532.00,810734.00
06/02/19,528.65,533.80,513.10,1691734.00
07/02/19,538.10,541.15,523.70,694326.00
08/02/19,531.60,540.90,530.00,735498.00
11/02/19,524.45,533.70,519.25,602314.00
12/02/19,522.30,528.75,520.00,316796.00
13/02/19,507.50,529.15,504.00,1455332.00
14/02/19,514.95,522.50,501.05,1431983.00
15/02/19,522.00,534.60,511.00,3136801.00
18/02/19,522.20,529.80,519.00,664220.00
19/02/19,524.10,528.80,515.55,604529.00
20/02/19,529.80,533.40,524.10,658574.00
21/02/19,533.10,535.95,526.35,1033996.00
22/02/19,531.25,532.75,524.05,739498.00
25/02/19,530.10,535.00,527.00,714560.00
26/02/19,537.45,539.00,525.00,1199389.00
27/02/19,542.95,557.35,536.80,1871732.00
28/02/19,566.55,570.50,541.50,3207480.00
01/03/19,574.95,577.85,563.30,2529959.00
05/03/19,597.30,600.95,572.00,2280910.00
06/03/19,598.30,605.00,591.55,1554217.00
07/03/19,593.75,601.55,591.15,1348466.00
08/03/19,593.70,596.60,588.10,949009.00
11/03/19,625.10,627.80,594.00,2785319.00
12/03/19,622.35,630.90,616.95,1765103.00
13/03/19,618.80,629.90,615.10,1225549.00
14/03/19,602.50,615.90,598.10,1829422.00
15/03/19,600.00,607.00,596.10,2575864.00
18/03/19,604.25,610.65,600.00,1547903.00
19/03/19,612.35,614.00,600.05,1168935.00
20/03/19,614.10,616.00,607.50,1171383.00
22/03/19,614.90,619.45,608.10,1486474.00
25/03/19,602.95,612.90,598.25,1529031.00
26/03/19,612.90,614.80,603.50,717467.00
27/03/19,623.80,627.00,615.00,1883340.00
28/03/19,626.30,633.50,622.35,2122939.00
29/03/19,629.45,633.70,625.80,839471.00
01/04/19,624.15,641.70,618.80,1610168.00
02/04/19,622.10,626.90,619.40,870335.00
03/04/19,616.70,633.45,614.60,1525542.00
04/04/19,605.10,625.00,600.75,1598159.00
05/04/19,609.40,613.25,605.00,1463341.00
08/04/19,612.15,624.50,607.50,1465527.00
09/04/19,609.25,618.80,607.15,966423.00
10/04/19,610.20,616.50,606.65,705154.00
11/04/19,617.05,620.00,609.20,1217205.00
12/04/19,620.45,625.60,616.00,1997945.00
15/04/19,621.75,628.25,618.00,1213990.00
16/04/19,623.85,628.25,622.20,1235077.00
18/04/19,614.85,626.90,609.50,986091.00
22/04/19,611.90,616.00,608.30,642804.00
23/04/19,622.25,625.45,609.40,1218136.00
24/04/19,616.90,623.90,612.85,929484.00
25/04/19,615.65,619.60,611.50,1151814.00
26/04/19,609.00,618.00,600.40,1200818.00
30/04/19,602.70,610.60,598.55,1014686.00
02/05/19,600.90,610.65,599.00,755660.00
03/05/19,603.50,621.40,601.25,2524534.00
06/05/19,606.05,611.00,597.90,1523450.00
07/05/19,601.45,611.45,599.70,702629.00
08/05/19,576.65,599.00,571.55,3342049.00
09/05/19,574.10,580.70,568.75,1911454.00
10/05/19,580.05,586.00,537.70,15335100.00
13/05/19,572.20,576.45,562.00,2410655.00
14/05/19,572.00,576.50,565.00,1110700.00
15/05/19,560.00,572.00,556.10,1201644.00
16/05/19,557.35,561.85,550.20,1385468.00
17/05/19,575.15,578.00,555.55,1517474.00
20/05/19,590.00,606.50,585.00,1591835.00
21/05/19,583.50,595.00,580.00,665339.00
22/05/19,584.30,592.95,579.50,801508.00
23/05/19,575.50,600.00,570.55,1153889.00
24/05/19,582.45,585.00,571.30,1231440.00
27/05/19,591.65,596.90,582.80,1807576.00
28/05/19,588.45,604.80,585.30,1543511.00
29/05/19,572.45,591.80,571.00,1016164.00
30/05/19,571.65,575.80,564.20,1765323.00
31/05/19,580.15,591.00,572.00,1750524.00
03/06/19,591.10,594.90,578.00,1448669.00
04/06/19,598.60,602.00,591.00,1706416.00
06/06/19,588.50,606.50,582.75,1179860.00
07/06/19,617.20,619.00,586.50,4487140.00
10/06/19,621.60,624.15,614.05,1742793.00
11/06/19,615.95,625.90,613.75,1251002.00
12/06/19,608.50,617.00,605.65,710028.00
13/06/19,613.65,617.50,606.00,1086238.00
14/06/19,605.00,615.00,604.00,501830.00
17/06/19,595.50,607.75,593.60,565022.00
18/06/19,600.40,603.40,592.05,505767.00
19/06/19,609.60,614.00,600.65,1529957.00
20/06/19,622.00,625.00,607.80,861837.00
21/06/19,623.85,625.00,612.20,850991.00
24/06/19,632.25,635.20,625.00,2595047.00
25/06/19,651.00,654.80,631.70,3052271.00
26/06/19,653.75,658.85,645.65,2290399.00
27/06/19,652.75,658.40,649.00,1017178.00
28/06/19,643.40,654.75,641.25,892615.00
01/07/19,655.65,662.50,637.55,2033669.00
02/07/19,644.85,658.00,639.70,1367356.00
03/07/19,640.85,647.80,635.50,1612988.00
04/07/19,634.95,642.00,633.55,1101415.00
05/07/19,615.65,637.50,612.90,1266998.00
08/07/19,603.50,610.00,591.15,1198675.00
09/07/19,596.35,607.00,587.05,1362713.00
10/07/19,591.30,601.05,589.10,1255603.00
11/07/19,590.95,595.60,583.20,1184002.00
12/07/19,588.65,600.00,584.50,1081772.00
15/07/19,587.20,589.95,580.00,719927.00
16/07/19,597.00,598.80,585.15,1354552.00
17/07/19,590.70,598.45,587.00,1123065.00
18/07/19,580.40,590.00,576.10,977805.00
19/07/19,578.15,585.50,571.00,1119667.00
22/07/19,582.45,585.45,568.75,746249.00
23/07/19,589.30,592.40,581.10,1471630.00
24/07/19,579.75,592.90,573.45,1310388.00
25/07/19,579.10,585.00,575.10,841225.00
26/07/19,582.95,586.00,572.30,1049787.00
29/07/19,573.00,582.00,566.20,895924.00
30/07/19,565.20,579.40,562.10,718830.00
31/07/19,583.00,585.00,557.40,1174505.00
01/08/19,607.90,612.60,580.00,4509641.00
02/08/19,611.55,615.35,601.20,2281570.00
05/08/19,601.65,605.25,596.40,1309474.00
06/08/19,617.80,620.85,597.00,1812209.00
07/08/19,606.25,624.40,594.00,2874311.00
08/08/19,597.80,608.40,590.60,1087109.00
09/08/19,605.60,616.45,600.20,1576382.00
13/08/19,585.10,611.00,579.10,1050836.00
14/08/19,591.75,598.00,586.20,577925.00
16/08/19,601.55,609.30,585.65,1585644.00
19/08/19,606.75,614.80,602.00,1063403.00
20/08/19,604.85,608.70,599.35,721901.00
21/08/19,592.50,610.30,588.00,667818.00
22/08/19,597.70,605.80,583.65,871276.00
23/08/19,612.65,615.15,586.40,900178.00
26/08/19,614.65,624.60,611.00,1729430.00
27/08/19,618.25,629.80,608.40,2144964.00
28/08/19,625.05,627.95,614.10,1491115.00
29/08/19,630.35,632.50,617.10,946709.00
30/08/19,640.00,643.95,623.45,963495.00
03/09/19,619.95,636.00,617.10,1622523.00
04/09/19,621.60,623.45,606.65,1033989.00
05/09/19,630.25,632.90,620.00,851765.00
06/09/19,629.50,633.95,624.05,720767.00
09/09/19,639.90,642.50,625.40,971792.00
11/09/19,632.95,645.00,630.00,1104689.00
12/09/19,635.10,641.30,628.00,846026.00
13/09/19,637.55,639.50,629.10,656224.00
16/09/19,634.45,639.30,629.10,481057.00
17/09/19,620.60,634.75,619.50,454845.00
18/09/19,630.70,633.85,619.90,741847.00
19/09/19,625.45,631.95,622.05,888625.00
20/09/19,667.35,673.00,619.00,2881448.00
23/09/19,670.65,705.00,665.00,2238926.00
24/09/19,665.55,674.80,661.75,1263674.00
25/09/19,668.75,679.00,661.00,1509527.00
26/09/19,678.00,684.70,664.00,1855352.00
27/09/19,682.40,686.30,672.80,1099157.00
30/09/19,679.55,686.00,671.25,795232.00
01/10/19,674.65,696.60,670.55,1523100.00
03/10/19,674.40,682.00,664.75,800102.00
04/10/19,656.05,680.00,652.95,703425.00
07/10/19,664.30,667.75,649.20,581861.00
09/10/19,681.60,685.00,657.80,823317.00
10/10/19,673.85,695.05,671.90,1835731.00
11/10/19,679.10,683.50,672.05,540939.00
14/10/19,673.60,686.75,672.00,424901.00
15/10/19,676.00,681.35,669.00,930809.00
16/10/19,671.70,679.30,660.80,1015112.00
17/10/19,676.50,678.70,670.15,460645.00
18/10/19,691.70,697.00,676.80,2069844.00
22/10/19,693.45,713.00,690.00,2026682.00
23/10/19,707.70,709.40,688.35,1289839.00
24/10/19,707.85,721.25,695.25,2334184.00
25/10/19,699.30,712.60,693.30,969161.00
27/10/19,703.90,707.90,702.15,145147.00
29/10/19,719.75,725.40,702.90,1350096.00
30/10/19,712.95,722.00,705.80,665826.00
31/10/19,708.50,719.60,705.00,1039303.00
01/11/19,695.70,709.65,694.00,683006.00
04/11/19,687.25,701.05,686.00,824519.00
05/11/19,679.50,689.45,674.65,808275.00
06/11/19,673.10,689.65,670.10,1918668.00
07/11/19,666.65,681.50,657.15,2729712.00
08/11/19,693.65,701.45,665.50,2998481.00
11/11/19,687.30,704.15,685.00,1485485.00
13/11/19,702.00,707.00,686.90,1885292.00
14/11/19,713.60,715.00,701.10,1722703.00
15/11/19,713.55,718.85,710.95,976238.00
18/11/19,714.45,719.40,708.25,817503.00
19/11/19,713.25,718.50,709.00,792191.00
20/11/19,708.40,719.55,703.90,968603.00
21/11/19,703.50,709.05,700.05,500782.00
22/11/19,693.85,707.00,689.60,1000521.00
25/11/19,702.15,705.30,689.40,1185057.00
26/11/19,700.85,708.65,698.55,1168954.00
27/11/19,701.40,705.95,692.65,1726476.00
28/11/19,710.40,714.20,697.70,841453.00
29/11/19,700.60,713.00,698.35,760393.00
02/12/19,695.10,701.50,688.85,453626.00
03/12/19,689.50,702.05,688.00,700715.00
04/12/19,693.35,695.55,684.50,867371.00
05/12/19,696.45,707.00,690.75,1140638.00
06/12/19,690.00,696.35,674.60,2027624.00
09/12/19,679.85,690.80,677.90,992928.00
10/12/19,679.40,685.80,675.00,975416.00
11/12/19,680.30,683.20,670.50,1443699.00
12/12/19,693.20,695.55,681.20,951573.00
13/12/19,679.55,698.55,672.55,1896945.00
16/12/19,678.75,690.50,676.25,1289696.00
17/12/19,669.05,681.80,666.40,1457025.00
18/12/19,654.15,672.50,648.90,2308117.00
19/12/19,655.95,662.00,651.10,1294302.00
20/12/19,651.15,661.90,648.50,781139.00
23/12/19,654.00,656.60,639.00,1698997.00
24/12/19,652.35,658.85,650.00,663359.00
26/12/19,651.20,654.95,645.25,775166.00
27/12/19,648.45,654.70,646.65,862426.00
30/12/19,659.50,663.40,648.00,1729862.00
31/12/19,659.30,662.25,655.00,877219.00
01/01/20,653.30,663.00,651.35,820283.00
02/01/20,659.55,660.85,647.60,1167011.00
03/01/20,663.70,665.00,656.05,1224987.00
06/01/20,649.90,662.95,646.30,1162203.00
07/01/20,654.50,660.00,650.25,1007897.00
08/01/20,651.05,653.45,647.00,742490.00
09/01/20,684.30,689.15,655.30,2697590.00
10/01/20,687.50,691.80,682.20,1308124.00
13/01/20,693.45,696.00,686.10,815053.00
14/01/20,693.35,701.00,691.50,781087.00
15/01/20,695.30,697.80,683.65,622594.00
16/01/20,701.10,712.00,695.55,1010417.00
17/01/20,705.10,712.80,697.25,957742.00
20/01/20,700.25,715.00,696.20,857374.00
21/01/20,702.50,704.95,696.00,562545.00
22/01/20,695.45,704.50,692.05,503474.00
23/01/20,713.30,718.00,695.05,1523850.00
24/01/20,723.45,730.95,708.35,1865819.00
27/01/20,710.60,725.95,708.90,1111167.00
28/01/20,716.40,722.50,710.45,922232.00
29/01/20,707.75,718.40,704.60,738157.00
30/01/20,698.75,707.10,690.65,702379.00
31/01/20,694.20,709.00,691.00,605269.00
01/02/20,685.30,708.70,677.00,1030423.00
03/02/20,690.10,697.70,679.75,470633.00
04/02/20,700.15,702.60,682.00,1142197.00
05/02/20,694.35,715.40,688.00,1228520.00
06/02/20,683.25,697.50,677.15,1177640.00
07/02/20,701.45,707.90,671.50,5493326.00
10/02/20,682.00,701.95,667.05,2694224.00
11/02/20,683.25,706.00,681.00,1836835.00
12/02/20,682.25,688.50,677.55,581086.00
13/02/20,685.60,689.00,675.00,492340.00
14/02/20,687.90,693.00,683.10,442425.00
17/02/20,694.85,704.95,683.05,1473125.00
18/02/20,697.10,700.55,684.05,1369375.00
19/02/20,733.15,737.00,702.10,3317660.00
20/02/20,725.00,741.00,721.05,2105332.00
24/02/20,717.65,733.95,715.40,1618922.00
25/02/20,703.60,731.35,702.00,1873648.00
26/02/20,691.70,704.85,685.50,1172920.00
27/02/20,684.90,695.50,680.00,1033182.00
28/02/20,678.75,686.15,655.75,2034326.00
02/03/20,664.10,691.85,655.50,2029657.00
03/03/20,690.85,695.45,665.30,1720245.00
04/03/20,687.00,694.50,668.05,1076218.00
05/03/20,689.60,697.00,675.50,926538.00
06/03/20,673.65,679.00,656.55,1863719.00
09/03/20,646.10,664.95,635.15,2114146.00
11/03/20,641.00,655.00,634.25,1400635.00
12/03/20,621.40,628.70,587.25,1982482.00
13/03/20,655.65,664.20,559.30,1944092.00
16/03/20,602.60,635.00,598.05,1650559.00
17/03/20,595.40,626.55,590.10,1616607.00
18/03/20,576.10,607.70,570.15,1338187.00
19/03/20,548.20,566.40,527.00,1240528.00
20/03/20,564.80,585.70,555.00,1768226.00
23/03/20,488.70,539.45,475.55,780947.00
24/03/20,478.35,526.40,472.35,1601386.00
25/03/20,486.60,504.20,448.75,2021443.00
26/03/20,504.50,522.40,474.30,2100154.00
27/03/20,490.55,523.00,474.30,1874009.00
30/03/20,465.10,486.20,449.70,1456146.00
31/03/20,476.90,492.50,463.50,1173010.00
01/04/20,471.25,485.55,464.05,1766499.00
03/04/20,472.55,478.85,460.50,845750.00
07/04/20,484.55,501.85,477.80,1934898.00
08/04/20,482.70,522.90,476.00,2355745.00
09/04/20,508.90,515.75,481.35,2806295.00
13/04/20,505.10,511.40,482.50,1902965.00
15/04/20,515.90,538.70,508.00,4126644.00
16/04/20,521.30,532.95,509.15,3313118.00
17/04/20,523.60,545.60,514.45,3034515.00
20/04/20,521.40,530.80,517.60,1976278.00
21/04/20,499.15,515.00,491.40,2136475.00
22/04/20,503.35,507.55,484.45,2662295.00
23/04/20,508.20,513.00,498.00,2472830.00
24/04/20,487.15,505.00,485.00,1697960.00
27/04/20,490.80,499.65,485.00,1763246.00
28/04/20,496.80,501.70,492.20,1946332.00
29/04/20,491.40,498.70,489.00,2104533.00
30/04/20,505.40,517.50,495.20,2950356.00
04/05/20,465.95,496.50,461.00,2361976.00
05/05/20,438.40,481.90,432.25,4163943.00
06/05/20,457.95,463.90,427.45,7211439.00
07/05/20,442.20,469.00,439.15,7364497.00
08/05/20,456.40,459.95,445.20,3964299.00
11/05/20,468.95,472.70,457.60,2289089.00
12/05/20,460.20,474.20,457.25,3635085.00
13/05/20,464.15,481.80,452.90,5154441.00
14/05/20,457.00,472.50,453.45,2959038.00
15/05/20,462.05,466.00,448.50,2668682.00
18/05/20,441.55,463.95,438.25,2151407.00
19/05/20,436.30,453.50,432.05,2322033.00
20/05/20,454.40,460.00,434.20,2101111.00
21/05/20,461.35,466.70,454.00,1951289.00
22/05/20,450.30,466.95,445.00,2146202.00
26/05/20,449.80,457.35,446.50,2168721.00
27/05/20,464.55,466.00,448.10,3177254.00
28/05/20,486.80,489.85,466.00,4568798.00
29/05/20,480.15,493.60,476.95,4002732.00
01/06/20,539.80,544.75,506.00,13522328.00
02/06/20,557.70,561.40,537.00,6145186.00
03/06/20,567.80,580.00,559.70,5072390.00
04/06/20,565.95,576.00,553.90,3964557.00
05/06/20,579.75,582.90,564.50,2673077.00
08/06/20,560.60,587.50,553.85,3575846.00
09/06/20,547.85,572.00,544.25,3370752.00
10/06/20,553.45,559.00,545.20,2440281.00
11/06/20,555.70,563.70,546.35,2045531.00
12/06/20,553.65,558.00,536.90,2597897.00
15/06/20,547.15,565.50,544.10,2479492.00
16/06/20,549.60,560.75,540.10,1328342.00
17/06/20,545.70,556.65,543.65,1447933.00
18/06/20,543.95,548.35,539.20,1356539.00
19/06/20,548.70,550.60,539.35,1743956.00
22/06/20,552.15,557.70,548.45,1920661.00
23/06/20,547.45,565.65,544.90,3162672.00
24/06/20,537.95,553.50,533.25,2362782.00
25/06/20,552.10,554.95,533.95,2386551.00
26/06/20,545.40,557.25,542.05,1517204.00
29/06/20,536.70,547.00,534.65,890246.00
30/06/20,546.45,548.90,539.00,1906467.00
01/07/20,542.45,549.85,539.30,1093657.00
02/07/20,562.15,564.80,544.05,3237452.00
03/07/20,559.05,570.00,552.25,2949710.00
06/07/20,566.50,570.00,557.05,2351312.00
07/07/20,574.90,576.90,553.85,3243445.00
08/07/20,562.60,578.50,560.00,1671088.00
09/07/20,560.75,565.00,556.20,969170.00
10/07/20,562.60,567.35,555.00,1528875.00
13/07/20,553.60,567.80,548.50,1777304.00
14/07/20,547.85,552.00,541.60,1037780.00
15/07/20,544.30,556.00,541.00,1492400.00
16/07/20,550.10,552.15,529.60,1535926.00
17/07/20,576.60,581.00,554.00,4421703.00
20/07/20,597.45,602.00,580.10,6125949.00
21/07/20,596.95,609.50,594.60,2867914.00
22/07/20,595.60,605.45,590.05,2165035.00
23/07/20,595.60,611.45,593.70,3225989.00
24/07/20,593.60,599.90,590.00,1107084.00
27/07/20,589.75,598.00,576.40,1516271.00
28/07/20,580.85,589.00,573.80,1990105.00
29/07/20,589.45,598.50,583.70,2261187.00
30/07/20,595.25,598.85,587.35,1600973.00
31/07/20,598.40,603.50,590.65,1600492.00
03/08/20,595.70,600.75,591.50,829512.00
04/08/20,610.80,615.00,596.00,4325090.00
05/08/20,605.15,617.25,598.70,2377095.00
06/08/20,603.00,611.90,601.00,699794.00
07/08/20,593.90,603.00,592.00,962440.00
10/08/20,586.85,597.75,585.60,1450821.00
11/08/20,608.00,617.75,588.05,4885536.00
12/08/20,604.70,616.00,602.35,1732637.00
13/08/20,618.55,621.00,606.35,3252490.00
14/08/20,615.45,631.95,603.55,6952257.00
17/08/20,629.10,637.80,619.40,3060818.00
18/08/20,644.75,647.00,628.00,3147600.00
19/08/20,649.55,653.90,638.30,1599340.00
20/08/20,669.45,675.00,642.00,3416323.00
21/08/20,659.30,682.00,656.35,3590282.00
24/08/20,661.65,673.25,658.50,1588775.00
25/08/20,654.95,673.50,652.50,1866852.00
26/08/20,648.80,662.00,645.80,1709643.00
27/08/20,662.90,668.90,650.40,2761029.00
28/08/20,661.85,670.80,659.00,1319829.00
31/08/20,634.75,669.00,630.20,1523639.00
01/09/20,635.00,649.45,629.75,1508638.00
02/09/20,642.50,645.15,625.60,2215210.00
03/09/20,656.95,662.00,644.25,1765544.00
04/09/20,645.75,662.80,640.25,1796732.00
07/09/20,646.10,654.55,637.40,1184659.00
08/09/20,637.75,650.50,634.75,931344.00
09/09/20,650.30,654.00,632.00,938355.00
10/09/20,649.15,658.25,643.50,931218.00
11/09/20,656.45,662.00,643.65,2298703.00
14/09/20,685.60,699.60,662.40,7328223.00
15/09/20,679.35,692.50,678.00,1471023.00
16/09/20,686.80,694.70,680.95,2536636.00
17/09/20,693.65,698.75,683.05,1970679.00
18/09/20,679.50,713.50,676.30,4978082.00
21/09/20,670.50,689.30,661.00,1981392.00
22/09/20,657.90,673.75,645.20,1483652.00
23/09/20,666.40,676.60,653.50,1906520.00
24/09/20,650.05,665.00,647.00,1025236.00
25/09/20,670.00,674.00,639.40,1899653.00
28/09/20,689.10,693.00,667.25,1929822.00
29/09/20,683.60,698.70,677.70,1354183.00
30/09/20,680.35,688.00,671.25,1087796.00
01/10/20,678.15,691.25,676.20,1437719.00
05/10/20,668.90,685.90,663.60,1173860.00
06/10/20,672.15,680.60,667.20,1379493.00
07/10/20,677.25,680.00,666.40,865419.00
08/10/20,692.30,694.30,680.55,3122244.00
09/10/20,689.45,698.50,679.20,1543798.00
12/10/20,677.60,692.55,675.30,1013535.00
13/10/20,666.55,682.00,663.85,831311.00
14/10/20,672.30,674.95,656.35,1817988.00
15/10/20,672.40,677.75,664.65,1253742.00
16/10/20,700.50,704.10,683.00,8434698.00
19/10/20,688.65,708.05,685.40,5541962.00
20/10/20,698.25,700.75,680.30,2012244.00
21/10/20,706.40,710.90,695.30,2258403.00
22/10/20,709.60,718.50,699.25,2919678.00
23/10/20,705.60,721.50,703.20,2261140.00
26/10/20,689.55,708.50,687.05,1972928.00
27/10/20,701.50,704.80,691.10,1833977.00
28/10/20,703.00,717.60,700.40,2602439.00
29/10/20,702.55,707.00,689.60,1068690.00
30/10/20,705.55,711.85,701.00,936323.00
02/11/20,720.45,723.70,696.10,1946398.00
03/11/20,710.00,733.20,706.50,3240943.00
04/11/20,724.10,727.00,706.50,1761718.00
05/11/20,741.55,744.40,719.05,3231294.00
06/11/20,753.35,768.00,733.30,7249946.00
09/11/20,790.60,803.90,756.80,4404761.00
10/11/20,764.70,801.00,759.60,3421267.00
11/11/20,760.70,767.40,744.50,2547685.00
12/11/20,755.15,763.20,746.35,2298770.00
13/11/20,758.55,761.80,748.65,1751357.00
14/11/20,759.70,764.90,755.85,147263.00
17/11/20,774.70,776.60,755.75,2420896.00
18/11/20,770.90,781.55,766.65,2172489.00
19/11/20,774.05,786.00,765.50,2409458.00
20/11/20,770.30,782.65,765.35,1123473.00
23/11/20,760.35,782.85,756.90,1927096.00
24/11/20,778.40,781.65,760.35,1624446.00
25/11/20,753.35,786.25,748.35,1721308.00
26/11/20,769.10,772.00,755.00,1564927.00
27/11/20,806.60,820.80,766.35,5821482.00
01/12/20,794.50,812.15,790.45,1395992.00
02/12/20,802.15,810.30,790.10,1847689.00
03/12/20,808.00,819.00,802.70,2474465.00
04/12/20,820.55,826.80,809.50,1672137.00
07/12/20,809.05,829.90,807.00,1184293.00
08/12/20,809.30,820.00,804.00,1299313.00
09/12/20,808.10,821.00,806.05,1327059.00
10/12/20,814.25,815.70,801.20,1008656.00
11/12/20,804.90,820.90,800.55,1054806.00
14/12/20,808.05,814.90,804.20,619636.00
15/12/20,829.45,835.40,805.30,2713917.00
16/12/20,838.45,844.45,822.20,1721453.00
17/12/20,823.25,844.95,820.40,2044709.00
18/12/20,828.80,837.00,819.00,3405788.00
21/12/20,783.85,828.00,778.55,1509775.00
22/12/20,798.00,800.80,768.40,1180855.00
23/12/20,821.30,824.00,793.80,1349719.00
24/12/20,810.95,828.45,808.10,1223847.00
28/12/20,816.00,821.20,810.00,969800.00
29/12/20,814.35,822.50,809.05,811343.00
30/12/20,819.80,821.00,810.10,897917.00
31/12/20,825.65,828.00,812.05,1017539.00
01/01/21,831.45,834.00,820.05,808694.00
04/01/21,846.00,848.65,832.10,1512530.00
05/01/21,837.35,854.00,830.55,1362402.00
06/01/21,869.30,877.70,834.30,3129336.00
07/01/21,881.50,888.00,869.00,1624468.00
08/01/21,902.20,909.40,881.50,1928335.00
11/01/21,914.30,917.90,881.20,1396688.00
12/01/21,903.20,922.60,898.50,1251253.00
13/01/21,896.80,912.75,882.05,1246019.00
14/01/21,912.20,926.90,897.00,2750870.00
15/01/21,887.55,917.90,881.55,1837146.00
18/01/21,890.90,903.00,876.45,1870909.00
19/01/21,909.05,912.00,892.00,1230079.00
20/01/21,912.65,918.85,900.95,899024.00
21/01/21,955.25,995.60,935.05,8498938.00
22/01/21,934.05,969.55,916.95,3000159.00
25/01/21,940.65,960.00,913.15,2577271.00
27/01/21,913.50,944.50,907.90,2090928.00
28/01/21,933.40,942.75,901.60,3133218.00
29/01/21,908.10,945.85,897.25,2489069.00
01/02/21,938.30,949.40,903.10,1777339.00
02/02/21,987.85,998.60,944.85,3424514.00
03/02/21,1004.45,1029.90,990.00,3255375.00
04/02/21,1003.35,1022.00,998.05,1704896.00
05/02/21,1001.20,1040.85,989.45,3672736.00
08/02/21,1040.40,1045.50,1004.15,2191241.00
09/02/21,1079.60,1089.80,1040.00,4814340.00
10/02/21,1091.05,1096.10,1056.90,3676383.00
11/02/21,1103.20,1111.00,1080.25,2211263.00
12/02/21,1079.20,1132.00,1060.25,7728222.00
15/02/21,1058.00,1095.00,1052.30,2114945.00
16/02/21,1037.65,1074.90,1026.00,3350162.00
17/02/21,1032.10,1049.00,1019.00,2577679.00
18/02/21,1017.25,1030.40,1003.00,2117985.00
19/02/21,1001.45,1033.95,992.20,2213605.00
22/02/21,990.80,1015.00,984.90,1828675.00
23/02/21,1015.00,1021.40,979.10,2104866.00
24/02/21,1012.90,1024.80,1008.00,756165.00
25/02/21,1048.70,1054.70,1017.60,3011002.00
26/02/21,1018.15,1054.00,1008.95,2392792.00
01/03/21,1043.80,1062.65,1022.00,1860778.00
02/03/21,1067.65,1072.50,1044.15,2157106.00
03/03/21,1072.95,1081.00,1065.00,1405770.00
04/03/21,1072.50,1091.90,1056.25,1622921.00
05/03/21,1031.55,1073.85,1029.15,1706023.00
08/03/21,1049.55,1057.95,1033.10,1281013.00
09/03/21,1040.90,1057.95,1031.20,1052726.00
10/03/21,1061.60,1070.00,1042.10,1464757.00
12/03/21,1052.95,1084.90,1045.80,2306876.00
15/03/21,1058.80,1080.65,1052.00,2024792.00
16/03/21,1030.65,1068.00,1025.15,1963903.00
17/03/21,1000.40,1028.00,998.05,2668629.00
18/03/21,987.00,1021.90,968.70,2393287.00
19/03/21,980.25,988.45,962.00,2822224.00
22/03/21,999.65,1013.30,971.00,2454881.00
23/03/21,1001.30,1012.00,992.40,1436324.00
24/03/21,984.80,1012.00,982.05,1713520.00
25/03/21,958.60,992.00,953.65,2392229.00
26/03/21,979.45,987.25,967.00,1435329.00
30/03/21,993.25,1005.00,982.10,1582960.00
31/03/21,1001.95,1011.00,990.05,1451482.00
01/04/21,1005.95,1015.15,1002.10,803202.00
05/04/21,976.70,1007.90,960.60,1567700.00
06/04/21,974.75,985.65,964.05,1757333.00
07/04/21,999.55,1018.20,977.80,3176468.00
08/04/21,1004.25,1016.80,1000.00,1155524.00
09/04/21,1006.15,1026.80,1002.55,2638817.00
12/04/21,950.30,998.00,940.60,2490045.00
13/04/21,958.25,969.90,946.00,2632686.00
15/04/21,947.70,960.85,939.10,1724373.00
16/04/21,957.05,969.00,943.00,1473891.00
19/04/21,956.75,960.00,918.00,1917671.00
20/04/21,941.50,974.35,935.10,1557074.00
22/04/21,938.55,952.00,933.15,1212213.00
23/04/21,938.90,956.70,934.05,1414300.00
26/04/21,946.15,950.05,940.65,768299.00
27/04/21,976.40,980.90,941.55,1780973.00
28/04/21,962.15,987.00,955.00,968227.00
29/04/21,967.10,989.45,964.00,1409106.00
30/04/21,957.15,977.80,954.95,1402209.00
03/05/21,958.65,962.25,935.65,1537101.00
04/05/21,964.10,972.95,955.05,1382842.00
05/05/21,971.45,994.00,965.00,2475761.00
06/05/21,984.35,989.30,965.35,1414622.00
07/05/21,969.60,990.70,963.35,1349654.00
10/05/21,967.90,978.70,961.00,1269133.00
11/05/21,1010.25,1015.65,961.00,4308932.00
12/05/21,972.00,1024.00,961.60,6210373.00
14/05/21,999.35,1014.90,963.00,5310861.00
17/05/21,983.65,1002.00,953.00,2982266.00
18/05/21,1007.75,1013.25,985.10,2184245.00
19/05/21,1020.00,1033.90,1008.45,3546439.00
20/05/21,1008.90,1029.75,1000.60,1148149.00
21/05/21,999.85,1016.65,992.90,1326970.00
24/05/21,996.60,1011.00,992.25,1269160.00
25/05/21,988.20,1006.55,985.00,1013810.00
26/05/21,989.30,995.50,975.10,1367362.00